Name,Type,Date,Snapshots in the last three weeks,Day of year,Hours since last snapshot,Bugs fixed,Day of week
1.20.5-rc3,snapshot,2024-04-22T13:42:34.000Z,7,112.3052,72.4886,1,1
,,2024-04-21T14:00:00.000Z,8,111.3200,48.7792,5,7
,,2024-04-20T14:00:00.000Z,8,110.3227,24.7792,3,6
1.20.5-rc2,snapshot,2024-04-19T13:13:15.000Z,7,109.2931,25.4597,5,5
1.20.5-rc1,snapshot,2024-04-18T11:45:40.000Z,6,108.2352,23.8272,2,4
1.20.5-pre4,snapshot,2024-04-17T11:56:02.000Z,6,107.2451,23.9756,5,3
1.20.5-pre3,snapshot,2024-04-16T11:57:30.000Z,5,106.2488,23.3569,13,2
1.20.5-pre2,snapshot,2024-04-15T12:36:05.000Z,4,105.2783,119.8611,10,1
,,2024-04-14T14:00:00.000Z,4,104.3391,97.2597,0,7
,,2024-04-13T14:00:00.000Z,4,103.3419,73.2597,0,6
,,2024-04-12T14:00:00.000Z,4,102.3446,49.2597,27,5
,,2024-04-11T14:00:00.000Z,4,101.3473,25.2597,13,4
1.20.5-pre1,snapshot,2024-04-10T12:44:25.000Z,4,100.2977,168.9128,16,3
,,2024-04-09T14:00:00.000Z,4,99.3528,146.1725,10,2
,,2024-04-08T14:00:00.000Z,4,98.3555,122.1725,11,1
,,2024-04-07T14:00:00.000Z,4,97.3583,98.1725,0,7
,,2024-04-06T14:00:00.000Z,4,96.3610,74.1725,0,6
,,2024-04-05T14:00:00.000Z,4,95.3637,50.1725,2,5
,,2024-04-04T14:00:00.000Z,5,94.3665,26.1725,16,4
24w14a,snapshot,2024-04-03T11:49:39.000Z,4,93.2789,48.7056,16,3
,,2024-04-02T14:00:00.000Z,4,92.3719,26.8781,4,2
24w14potato,snapshot,2024-04-01T11:07:19.000Z,3,91.2551,116.6164,0,1
,,2024-03-31T14:00:00.000Z,3,90.3774,95.4944,0,7
,,2024-03-30T14:00:00.000Z,3,89.3801,71.4944,0,6
,,2024-03-29T14:00:00.000Z,3,88.3829,47.4944,1,5
,,2024-03-28T14:00:00.000Z,3,87.3856,23.4944,4,4
24w13a,snapshot,2024-03-27T14:30:20.000Z,2,86.4093,167.8619,13,3
,,2024-03-26T15:00:00.000Z,3,85.4326,144.3564,2,2
,,2024-03-25T15:00:00.000Z,3,84.4353,120.3564,1,1
,,2024-03-24T15:00:00.000Z,3,83.4381,96.3564,0,7
,,2024-03-23T15:00:00.000Z,3,82.4408,72.3564,2,6
,,2024-03-22T15:00:00.000Z,3,81.4435,48.3564,4,5
,,2024-03-21T15:00:00.000Z,3,80.4463,24.3564,9,4
24w12a,snapshot,2024-03-20T14:38:37.000Z,2,79.4342,144.2844,23,3
,,2024-03-19T15:00:00.000Z,3,78.4517,120.6408,5,2
,,2024-03-18T15:00:00.000Z,3,77.4545,96.6408,4,1
,,2024-03-17T15:00:00.000Z,3,76.4572,72.6408,0,7
,,2024-03-16T15:00:00.000Z,3,75.4599,48.6408,1,6
,,2024-03-15T15:00:00.000Z,3,74.4627,24.6408,1,5
24w11a,snapshot,2024-03-14T14:21:33.000Z,2,73.4388,195.7328,10,4
,,2024-03-13T15:00:00.000Z,2,72.4681,172.3736,3,3
,,2024-03-12T15:00:00.000Z,2,71.4709,148.3736,2,2
,,2024-03-11T15:00:00.000Z,2,70.4736,124.3736,19,1
,,2024-03-10T15:00:00.000Z,2,69.4763,100.3736,0,7
,,2024-03-09T15:00:00.000Z,2,68.4791,76.3736,0,6
,,2024-03-08T15:00:00.000Z,2,67.4818,52.3736,10,5
,,2024-03-07T15:00:00.000Z,2,66.4845,28.3736,0,4
24w10a,snapshot,2024-03-06T10:37:35.000Z,2,65.3055,165.9897,17,3
,,2024-03-05T15:00:00.000Z,2,64.4900,146.3633,19,2
,,2024-03-04T15:00:00.000Z,2,63.4927,122.3633,1,1
,,2024-03-03T15:00:00.000Z,2,62.4954,98.3633,0,7
,,2024-03-02T15:00:00.000Z,2,61.4982,74.3633,0,6
,,2024-03-01T15:00:00.000Z,2,60.5009,50.3633,3,5
,,2024-02-29T15:00:00.000Z,2,59.5036,26.3633,6,4
24w09a,snapshot,2024-02-28T12:38:12.000Z,2,58.4082,335.7864,9,3
,,2024-02-27T15:00:00.000Z,2,57.5091,314.1497,5,2
,,2024-02-26T15:00:00.000Z,2,56.5118,290.1497,0,1
,,2024-02-25T15:00:00.000Z,2,55.5146,266.1497,1,7
,,2024-02-24T15:00:00.000Z,2,54.5173,242.1497,0,6
,,2024-02-23T15:00:00.000Z,2,53.5200,218.1497,1,5
,,2024-02-22T15:00:00.000Z,2,52.5228,194.1497,2,4
,,2024-02-21T15:00:00.000Z,3,51.5255,170.1497,1,3
,,2024-02-20T15:00:00.000Z,4,50.5282,146.1497,2,2
,,2024-02-19T15:00:00.000Z,4,49.5310,122.1497,0,1
,,2024-02-18T15:00:00.000Z,4,48.5337,98.1497,0,7
,,2024-02-17T15:00:00.000Z,4,47.5364,74.1497,0,6
,,2024-02-16T15:00:00.000Z,4,46.5392,50.1497,1,5
,,2024-02-15T15:00:00.000Z,4,45.5419,26.1497,1,4
24w07a,snapshot,2024-02-14T12:51:01.000Z,4,44.4553,166.0619,7,3
,,2024-02-13T15:00:00.000Z,4,43.5474,144.2117,7,2
,,2024-02-12T15:00:00.000Z,4,42.5501,120.2117,2,1
,,2024-02-11T15:00:00.000Z,4,41.5528,96.2117,1,7
,,2024-02-10T15:00:00.000Z,4,40.5556,72.2117,1,6
,,2024-02-09T15:00:00.000Z,4,39.5583,48.2117,0,5
,,2024-02-08T15:00:00.000Z,4,38.5610,24.2117,1,4
24w06a,snapshot,2024-02-07T14:47:18.000Z,4,37.5550,145.8678,7,3
,,2024-02-06T15:00:00.000Z,5,36.5665,122.0794,4,2
,,2024-02-05T15:00:00.000Z,5,35.5692,98.0794,4,1
,,2024-02-04T15:00:00.000Z,5,34.5719,74.0794,2,7
,,2024-02-03T15:00:00.000Z,5,33.5747,50.0794,0,6
,,2024-02-02T15:00:00.000Z,5,32.5774,26.0794,4,5
24w05b,snapshot,2024-02-01T12:55:14.000Z,4,31.4937,23.8300,6,4
24w05a,snapshot,2024-01-31T13:05:26.000Z,3,30.5035,167.3781,1,3
,,2024-01-30T15:00:00.000Z,3,29.5856,145.2875,1,2
,,2024-01-29T15:00:00.000Z,3,28.5883,121.2875,0,1
,,2024-01-28T15:00:00.000Z,3,27.5911,97.2875,0,7
,,2024-01-27T15:00:00.000Z,3,26.5938,73.2875,0,6
,,2024-01-26T15:00:00.000Z,3,25.5965,49.2875,0,5
,,2024-01-25T15:00:00.000Z,3,24.5993,25.2875,4,4
24w04a,snapshot,2024-01-24T13:42:45.000Z,2,23.5485,145.0022,3,3
,,2024-01-23T15:00:00.000Z,2,22.6047,122.2897,3,2
,,2024-01-22T15:00:00.000Z,2,21.6075,98.2897,2,1
,,2024-01-21T15:00:00.000Z,2,20.6102,74.2897,0,7
,,2024-01-20T15:00:00.000Z,2,19.6129,50.2897,1,6
,,2024-01-19T15:00:00.000Z,2,18.6157,26.2897,7,5
24w03b,snapshot,2024-01-18T12:42:37.000Z,1,17.5233,23.3881,6,4
24w03a,snapshot,2024-01-17T13:19:20.000Z,0,16.5514,717.6683,3,3
,,2024-01-16T15:00:00.000Z,0,15.6239,695.3461,17,2
,,2024-01-15T15:00:00.000Z,0,14.6266,671.3461,1,1
,,2024-01-14T15:00:00.000Z,0,13.6293,647.3461,0,7
,,2024-01-13T15:00:00.000Z,0,12.6321,623.3461,2,6
,,2024-01-12T15:00:00.000Z,0,11.6348,599.3461,1,5
,,2024-01-11T15:00:00.000Z,0,10.6375,575.3461,2,4
,,2024-01-10T15:00:00.000Z,0,9.6403,551.3461,1,3
,,2024-01-09T15:00:00.000Z,0,8.6430,527.3461,1,2
,,2024-01-08T15:00:00.000Z,1,7.6457,503.3461,5,1
,,2024-01-07T15:00:00.000Z,2,6.6485,479.3461,0,7
,,2024-01-06T15:00:00.000Z,2,5.6512,455.3461,0,6
,,2024-01-05T15:00:00.000Z,2,4.6539,431.3461,2,5
,,2024-01-04T15:00:00.000Z,2,3.6566,407.3461,4,4
,,2024-01-03T15:00:00.000Z,2,2.6594,383.3461,26,3
,,2024-01-02T15:00:00.000Z,2,1.6621,359.3461,5,2
,,2024-01-01T15:00:00.000Z,2,0.6648,335.3461,0,1
,,2023-12-31T15:00:00.000Z,2,364.6667,311.3461,0,7
,,2023-12-30T15:00:00.000Z,2,363.6667,287.3461,1,6
,,2023-12-29T15:00:00.000Z,2,362.6667,263.3461,0,5
,,2023-12-28T15:00:00.000Z,2,361.6667,239.3461,0,4
,,2023-12-27T15:00:00.000Z,3,360.6667,215.3461,0,3
,,2023-12-26T15:00:00.000Z,4,359.6667,191.3461,0,2
,,2023-12-25T15:00:00.000Z,4,358.6667,167.3461,0,1
,,2023-12-24T15:00:00.000Z,5,357.6667,143.3461,1,7
,,2023-12-23T15:00:00.000Z,5,356.6667,119.3461,0,6
,,2023-12-22T15:00:00.000Z,5,355.6667,95.3461,3,5
,,2023-12-21T15:00:00.000Z,5,354.6667,71.3461,4,4
,,2023-12-20T15:00:00.000Z,6,353.6667,47.3461,1,3
,,2023-12-19T15:00:00.000Z,6,352.6667,23.3461,1,2
23w51b,snapshot,2023-12-18T15:39:14.000Z,6,351.6939,2.0411,3,1
23w51a,snapshot,2023-12-18T13:36:46.000Z,6,351.6089,264.6739,3,1
,,2023-12-17T15:00:00.000Z,6,350.6667,242.0611,0,7
,,2023-12-16T15:00:00.000Z,6,349.6667,218.0611,0,6
,,2023-12-15T15:00:00.000Z,6,348.6667,194.0611,1,5
,,2023-12-14T15:00:00.000Z,6,347.6667,170.0611,1,4
,,2023-12-13T15:00:00.000Z,6,346.6667,146.0611,2,3
,,2023-12-12T15:00:00.000Z,7,345.6667,122.0611,12,2
,,2023-12-11T15:00:00.000Z,8,344.6667,98.0611,0,1
,,2023-12-10T15:00:00.000Z,8,343.6667,74.0611,0,7
,,2023-12-09T15:00:00.000Z,8,342.6667,50.0611,0,6
,,2023-12-08T15:00:00.000Z,8,341.6667,26.0611,7,5
1.20.4,release,2023-12-07T12:56:20.000Z,8,340.5808,22.3053,6,4
1.20.4-rc1,snapshot,2023-12-06T14:38:01.000Z,7,339.6514,50.4581,6,3
,,2023-12-05T15:00:00.000Z,7,338.6667,26.8244,17,2
1.20.3,release,2023-12-04T12:10:32.000Z,6,337.5490,94.4797,0,1
,,2023-12-03T15:00:00.000Z,6,336.6667,73.3042,0,7
,,2023-12-02T15:00:00.000Z,6,335.6667,49.3042,0,6
,,2023-12-01T15:00:00.000Z,6,334.6667,25.3042,0,5
1.20.3-rc1,snapshot,2023-11-30T13:41:45.000Z,5,333.6123,47.9036,0,4
,,2023-11-29T15:00:00.000Z,5,332.6667,25.2078,1,3
1.20.3-pre4,snapshot,2023-11-28T13:47:32.000Z,5,331.6163,23.3822,3,2
1.20.3-pre3,snapshot,2023-11-27T14:24:36.000Z,4,330.6421,122.0528,4,1
,,2023-11-26T15:00:00.000Z,4,329.6667,98.6428,0,7
,,2023-11-25T15:00:00.000Z,4,328.6667,74.6428,0,6
,,2023-11-24T15:00:00.000Z,4,327.6667,50.6428,5,5
,,2023-11-23T15:00:00.000Z,4,326.6667,26.6428,2,4
1.20.3-pre2,snapshot,2023-11-22T12:21:26.000Z,4,325.5566,44.6867,5,3
,,2023-11-21T15:00:00.000Z,4,324.6667,23.3294,7,2
1.20.3-pre1,snapshot,2023-11-20T15:40:14.000Z,3,323.6946,97.4781,11,1
,,2023-11-19T15:00:00.000Z,3,322.6667,72.8075,0,7
,,2023-11-18T15:00:00.000Z,3,321.6667,48.8075,0,6
,,2023-11-17T15:00:00.000Z,3,320.6667,24.8075,5,5
23w46a,snapshot,2023-11-16T14:11:33.000Z,2,319.6330,192.1931,7,4
,,2023-11-15T15:00:00.000Z,3,318.6667,169.0006,0,3
,,2023-11-14T15:00:00.000Z,4,317.6667,145.0006,6,2
,,2023-11-13T15:00:00.000Z,4,316.6667,121.0006,2,1
,,2023-11-12T15:00:00.000Z,4,315.6667,97.0006,0,7
,,2023-11-11T15:00:00.000Z,4,314.6667,73.0006,1,6
,,2023-11-10T15:00:00.000Z,4,313.6667,49.0006,1,5
,,2023-11-09T15:00:00.000Z,4,312.6667,25.0006,1,4
23w45a,snapshot,2023-11-08T13:59:58.000Z,3,311.6250,169.4850,4,3
,,2023-11-07T15:00:00.000Z,4,310.6667,146.4856,7,2
,,2023-11-06T15:00:00.000Z,4,309.6667,122.4856,1,1
,,2023-11-05T15:00:00.000Z,4,308.6667,98.4856,0,7
,,2023-11-04T15:00:00.000Z,4,307.6667,74.4856,0,6
,,2023-11-03T15:00:00.000Z,4,306.6667,50.4856,1,5
,,2023-11-02T15:00:00.000Z,4,305.6667,26.4856,7,4
23w44a,snapshot,2023-11-01T12:30:52.000Z,4,304.5631,142.7433,8,3
,,2023-10-31T15:00:00.000Z,4,303.6667,121.2289,6,2
,,2023-10-30T15:00:00.000Z,4,302.6667,97.2289,4,1
,,2023-10-29T15:00:00.000Z,4,301.6667,73.2289,0,7
,,2023-10-28T15:00:00.000Z,4,300.6667,49.2289,3,6
,,2023-10-27T15:00:00.000Z,4,299.6667,25.2289,3,5
23w43b,snapshot,2023-10-26T13:46:16.000Z,3,298.6155,24.1942,8,4
23w43a,snapshot,2023-10-25T13:34:37.000Z,2,297.6074,169.9525,9,3
,,2023-10-24T14:00:00.000Z,3,296.6250,146.3756,4,2
,,2023-10-23T14:00:00.000Z,3,295.6250,122.3756,4,1
,,2023-10-22T14:00:00.000Z,3,294.6250,98.3756,1,7
,,2023-10-21T14:00:00.000Z,3,293.6250,74.3756,2,6
,,2023-10-20T14:00:00.000Z,3,292.6250,50.3756,0,5
,,2023-10-19T14:00:00.000Z,3,291.6250,26.3756,6,4
23w42a,snapshot,2023-10-18T11:37:28.000Z,2,290.5260,167.0783,11,3
,,2023-10-17T14:00:00.000Z,2,289.6250,145.4539,5,2
,,2023-10-16T14:00:00.000Z,2,288.6250,121.4539,5,1
,,2023-10-15T14:00:00.000Z,2,287.6250,97.4539,1,7
,,2023-10-14T14:00:00.000Z,2,286.6250,73.4539,5,6
,,2023-10-13T14:00:00.000Z,2,285.6250,49.4539,0,5
,,2023-10-12T14:00:00.000Z,2,284.6250,25.4539,9,4
23w41a,snapshot,2023-10-11T12:32:46.000Z,1,283.5644,167.7314,14,3
,,2023-10-10T14:00:00.000Z,2,282.6250,145.1853,4,2
,,2023-10-09T14:00:00.000Z,2,281.6250,121.1853,8,1
,,2023-10-08T14:00:00.000Z,3,280.6250,97.1853,0,7
,,2023-10-07T14:00:00.000Z,3,279.6250,73.1853,0,6
,,2023-10-06T14:00:00.000Z,3,278.6250,49.1853,0,5
,,2023-10-05T14:00:00.000Z,4,277.6250,25.1853,2,4
23w40a,snapshot,2023-10-04T12:48:53.000Z,4,276.5756,339.7656,1,3
,,2023-10-03T14:00:00.000Z,4,275.6250,316.9508,2,2
,,2023-10-02T14:00:00.000Z,5,274.6250,292.9508,2,1
,,2023-10-01T14:00:00.000Z,5,273.6250,268.9508,0,7
,,2023-09-30T14:00:00.000Z,5,272.6250,244.9508,0,6
,,2023-09-29T14:00:00.000Z,5,271.6250,220.9508,0,5
,,2023-09-28T14:00:00.000Z,5,270.6250,196.9508,3,4
,,2023-09-27T14:00:00.000Z,6,269.6250,172.9508,5,3
,,2023-09-26T14:00:00.000Z,6,268.6250,148.9508,3,2
,,2023-09-25T14:00:00.000Z,7,267.6250,124.9508,2,1
,,2023-09-24T14:00:00.000Z,7,266.6250,100.9508,0,7
,,2023-09-23T14:00:00.000Z,7,265.6250,76.9508,0,6
,,2023-09-22T14:00:00.000Z,7,264.6250,52.9508,1,5
,,2023-09-21T14:00:00.000Z,7,263.6250,28.9508,1,4
1.20.2,release,2023-09-20T09:02:57.000Z,7,262.4187,44.4667,1,3
,,2023-09-19T14:00:00.000Z,7,261.6250,25.4175,0,2
1.20.2-rc2,snapshot,2023-09-18T12:34:57.000Z,6,260.5659,71.4075,0,1
,,2023-09-17T14:00:00.000Z,6,259.6250,48.8250,0,7
,,2023-09-16T14:00:00.000Z,6,258.6250,24.8250,0,6
1.20.2-rc1,snapshot,2023-09-15T13:10:30.000Z,5,257.5906,46.0608,0,5
,,2023-09-14T14:00:00.000Z,5,256.6250,22.8858,2,4
1.20.2-pre4,snapshot,2023-09-13T15:06:51.000Z,4,255.6714,26.8619,2,3
1.20.2-pre3,snapshot,2023-09-12T12:15:08.000Z,3,254.5522,119.5433,2,2
,,2023-09-11T14:00:00.000Z,3,253.6250,97.2911,1,1
,,2023-09-10T14:00:00.000Z,3,252.6250,73.2911,0,7
,,2023-09-09T14:00:00.000Z,3,251.6250,49.2911,0,6
,,2023-09-08T14:00:00.000Z,3,250.6250,25.2911,0,5
1.20.2-pre2,snapshot,2023-09-07T12:42:32.000Z,2,249.5712,48.6033,12,4
,,2023-09-06T14:00:00.000Z,3,248.6250,25.8944,14,3
1.20.2-pre1,snapshot,2023-09-05T12:06:20.000Z,2,247.5461,144.6958,7,2
,,2023-09-04T14:00:00.000Z,2,246.6250,122.5903,16,1
,,2023-09-03T14:00:00.000Z,2,245.6250,98.5903,1,7
,,2023-09-02T14:00:00.000Z,2,244.6250,74.5903,2,6
,,2023-09-01T14:00:00.000Z,2,243.6250,50.5903,17,5
,,2023-08-31T14:00:00.000Z,2,242.6250,26.5903,1,4
23w35a,snapshot,2023-08-30T11:24:35.000Z,2,241.5171,311.7575,15,3
,,2023-08-29T14:00:00.000Z,2,240.6250,290.3478,15,2
,,2023-08-28T14:00:00.000Z,2,239.6250,266.3478,1,1
,,2023-08-27T14:00:00.000Z,2,238.6250,242.3478,0,7
,,2023-08-26T14:00:00.000Z,2,237.6250,218.3478,0,6
,,2023-08-25T14:00:00.000Z,2,236.6250,194.3478,0,5
,,2023-08-24T14:00:00.000Z,2,235.6250,170.3478,0,4
,,2023-08-23T14:00:00.000Z,2,234.6250,146.3478,1,3
,,2023-08-22T14:00:00.000Z,2,233.6250,122.3478,5,2
,,2023-08-21T14:00:00.000Z,3,232.6250,98.3478,2,1
,,2023-08-20T14:00:00.000Z,3,231.6250,74.3478,0,7
,,2023-08-19T14:00:00.000Z,3,230.6250,50.3478,0,6
,,2023-08-18T14:00:00.000Z,3,229.6250,26.3478,5,5
23w33a,snapshot,2023-08-17T11:39:08.000Z,2,228.5272,191.4119,7,4
,,2023-08-16T14:00:00.000Z,2,227.6250,169.7597,5,3
,,2023-08-15T14:00:00.000Z,2,226.6250,145.7597,2,2
,,2023-08-14T14:00:00.000Z,2,225.6250,121.7597,6,1
,,2023-08-13T14:00:00.000Z,2,224.6250,97.7597,0,7
,,2023-08-12T14:00:00.000Z,2,223.6250,73.7597,0,6
,,2023-08-11T14:00:00.000Z,2,222.6250,49.7597,2,5
,,2023-08-10T14:00:00.000Z,2,221.6250,25.7597,0,4
23w32a,snapshot,2023-08-09T12:14:25.000Z,1,220.5517,194.1867,15,3
,,2023-08-08T14:00:00.000Z,1,219.6250,171.9464,5,2
,,2023-08-07T14:00:00.000Z,1,218.6250,147.9464,1,1
,,2023-08-06T14:00:00.000Z,1,217.6250,123.9464,1,7
,,2023-08-05T14:00:00.000Z,1,216.6250,99.9464,0,6
,,2023-08-04T14:00:00.000Z,1,215.6250,75.9464,6,5
,,2023-08-03T14:00:00.000Z,1,214.6250,51.9464,2,4
,,2023-08-02T14:00:00.000Z,1,213.6250,27.9464,4,3
23w31a,snapshot,2023-08-01T10:03:13.000Z,0,212.4606,1196.6228,2,2
,,2023-07-31T14:00:00.000Z,0,211.6250,1176.5692,1,1
,,2023-07-30T14:00:00.000Z,0,210.6250,1152.5692,0,7
,,2023-07-29T14:00:00.000Z,0,209.6250,1128.5692,0,6
,,2023-07-28T14:00:00.000Z,0,208.6250,1104.5692,1,5
,,2023-07-27T14:00:00.000Z,0,207.6250,1080.5692,1,4
,,2023-07-26T14:00:00.000Z,0,206.6250,1056.5692,9,3
,,2023-07-25T14:00:00.000Z,0,205.6250,1032.5692,0,2
,,2023-07-24T14:00:00.000Z,0,204.6250,1008.5692,0,1
,,2023-07-23T14:00:00.000Z,0,203.6250,984.5692,0,7
,,2023-07-22T14:00:00.000Z,0,202.6250,960.5692,0,6
,,2023-07-21T14:00:00.000Z,0,201.6250,936.5692,0,5
,,2023-07-20T14:00:00.000Z,0,200.6250,912.5692,0,4
,,2023-07-19T14:00:00.000Z,0,199.6250,888.5692,0,3
,,2023-07-18T14:00:00.000Z,0,198.6250,864.5692,0,2
,,2023-07-17T14:00:00.000Z,0,197.6250,840.5692,0,1
,,2023-07-16T14:00:00.000Z,0,196.6250,816.5692,0,7
,,2023-07-15T14:00:00.000Z,0,195.6250,792.5692,0,6
,,2023-07-14T14:00:00.000Z,0,194.6250,768.5692,0,5
,,2023-07-13T14:00:00.000Z,0,193.6250,744.5692,0,4
,,2023-07-12T14:00:00.000Z,0,192.6250,720.5692,2,3
,,2023-07-11T14:00:00.000Z,0,191.6250,696.5692,0,2
,,2023-07-10T14:00:00.000Z,0,190.6250,672.5692,0,1
,,2023-07-09T14:00:00.000Z,0,189.6250,648.5692,0,7
,,2023-07-08T14:00:00.000Z,0,188.6250,624.5692,0,6
,,2023-07-07T14:00:00.000Z,0,187.6250,600.5692,8,5
,,2023-07-06T14:00:00.000Z,0,186.6250,576.5692,0,4
,,2023-07-05T14:00:00.000Z,0,185.6250,552.5692,1,3
,,2023-07-04T14:00:00.000Z,0,184.6250,528.5692,0,2
,,2023-07-03T14:00:00.000Z,0,183.6250,504.5692,5,1
,,2023-07-02T14:00:00.000Z,1,182.6250,480.5692,0,7
,,2023-07-01T14:00:00.000Z,1,181.6250,456.5692,0,6
,,2023-06-30T14:00:00.000Z,2,180.6250,432.5692,3,5
,,2023-06-29T14:00:00.000Z,2,179.6250,408.5692,2,4
,,2023-06-28T14:00:00.000Z,2,178.6250,384.5692,1,3
,,2023-06-27T14:00:00.000Z,2,177.6250,360.5692,9,2
,,2023-06-26T14:00:00.000Z,2,176.6250,336.5692,0,1
,,2023-06-25T14:00:00.000Z,2,175.6250,312.5692,0,7
,,2023-06-24T14:00:00.000Z,2,174.6250,288.5692,0,6
,,2023-06-23T14:00:00.000Z,2,173.6250,264.5692,0,5
,,2023-06-22T14:00:00.000Z,3,172.6250,240.5692,0,4
,,2023-06-21T14:00:00.000Z,3,171.6250,216.5692,0,3
,,2023-06-20T14:00:00.000Z,4,170.6250,192.5692,0,2
,,2023-06-19T14:00:00.000Z,4,169.6250,168.5692,0,1
,,2023-06-18T14:00:00.000Z,5,168.6250,144.5692,2,7
,,2023-06-17T14:00:00.000Z,5,167.6250,120.5692,0,6
,,2023-06-16T14:00:00.000Z,5,166.6250,96.5692,4,5
,,2023-06-15T14:00:00.000Z,5,165.6250,72.5692,8,4
,,2023-06-14T14:00:00.000Z,6,164.6250,48.5692,1,3
,,2023-06-13T14:00:00.000Z,6,163.6250,24.5692,6,2
1.20.1,release,2023-06-12T13:25:51.000Z,6,162.6013,71.1672,3,1
,,2023-06-11T14:00:00.000Z,6,161.6250,47.7364,0,7
,,2023-06-10T14:00:00.000Z,6,160.6250,23.7364,0,6
1.20.1-rc1,snapshot,2023-06-09T14:15:49.000Z,5,159.6360,173.6589,7,5
,,2023-06-08T14:00:00.000Z,7,158.6250,149.3953,43,4
,,2023-06-07T14:00:00.000Z,7,157.6250,125.3953,0,3
,,2023-06-06T14:00:00.000Z,7,156.6250,101.3953,1,2
,,2023-06-05T14:00:00.000Z,8,155.6250,77.3953,0,1
,,2023-06-04T14:00:00.000Z,8,154.6250,53.3953,0,7
,,2023-06-03T14:00:00.000Z,8,153.6250,29.3953,0,6
1.20,release,2023-06-02T08:36:17.000Z,7,152.4002,44.0456,0,5
,,2023-06-01T14:00:00.000Z,7,151.6250,25.4408,0,4
1.20-rc1,snapshot,2023-05-31T12:33:33.000Z,6,150.5650,46.8164,1,3
,,2023-05-30T14:00:00.000Z,7,149.6250,24.2572,1,2
1.20-pre7,snapshot,2023-05-29T13:44:34.000Z,6,148.6143,97.3761,1,1
,,2023-05-28T14:00:00.000Z,6,147.6250,73.6333,0,7
,,2023-05-27T14:00:00.000Z,6,146.6250,49.6333,1,6
,,2023-05-26T14:00:00.000Z,6,145.6250,25.6333,0,5
1.20-pre6,snapshot,2023-05-25T12:22:00.000Z,5,144.5569,47.9856,5,4
,,2023-05-24T14:00:00.000Z,5,143.6250,25.6189,3,3
1.20-pre5,snapshot,2023-05-23T12:22:52.000Z,5,142.5575,95.1519,9,2
,,2023-05-22T14:00:00.000Z,5,141.6250,72.7708,5,1
,,2023-05-21T14:00:00.000Z,5,140.6250,48.7708,0,7
,,2023-05-20T14:00:00.000Z,5,139.6250,24.7708,0,6
1.20-pre4,snapshot,2023-05-19T13:13:45.000Z,4,138.5929,1.5664,11,5
1.20-pre3,snapshot,2023-05-19T11:39:46.000Z,3,138.5276,72.0811,11,5
,,2023-05-18T14:00:00.000Z,3,137.6250,50.4183,0,4
,,2023-05-17T14:00:00.000Z,3,136.6250,26.4183,4,3
1.20-pre2,snapshot,2023-05-16T11:34:54.000Z,3,135.5242,143.2556,30,2
,,2023-05-15T14:00:00.000Z,3,134.6250,121.6739,19,1
,,2023-05-14T14:00:00.000Z,3,133.6250,97.6739,0,7
,,2023-05-13T14:00:00.000Z,3,132.6250,73.6739,0,6
,,2023-05-12T14:00:00.000Z,3,131.6250,49.6739,2,5
,,2023-05-11T14:00:00.000Z,3,130.6250,25.6739,2,4
1.20-pre1,snapshot,2023-05-10T12:19:34.000Z,3,129.5553,168.8356,10,3
,,2023-05-09T14:00:00.000Z,3,128.6250,146.5094,12,2
,,2023-05-08T14:00:00.000Z,3,127.6250,122.5094,12,1
,,2023-05-07T14:00:00.000Z,3,126.6250,98.5094,0,7
,,2023-05-06T14:00:00.000Z,3,125.6250,74.5094,5,6
,,2023-05-05T14:00:00.000Z,3,124.6250,50.5094,2,5
,,2023-05-04T14:00:00.000Z,3,123.6250,26.5094,2,4
23w18a,snapshot,2023-05-03T11:29:26.000Z,2,122.5204,167.3272,13,3
,,2023-05-02T14:00:00.000Z,2,121.6250,145.8367,1,2
,,2023-05-01T14:00:00.000Z,2,120.6250,121.8367,3,1
,,2023-04-30T14:00:00.000Z,2,119.6250,97.8367,0,7
,,2023-04-29T14:00:00.000Z,2,118.6250,73.8367,0,6
,,2023-04-28T14:00:00.000Z,2,117.6250,49.8367,1,5
,,2023-04-27T14:00:00.000Z,2,116.6250,25.8367,10,4
23w17a,snapshot,2023-04-26T12:09:48.000Z,1,115.5485,144.2414,12,3
,,2023-04-25T14:00:00.000Z,2,114.6250,122.0781,10,2
,,2023-04-24T14:00:00.000Z,2,113.6250,98.0781,3,1
,,2023-04-23T14:00:00.000Z,2,112.6250,74.0781,0,7
,,2023-04-22T14:00:00.000Z,2,111.6250,50.0781,0,6
,,2023-04-21T14:00:00.000Z,3,110.6250,26.0781,3,5
23w16a,snapshot,2023-04-20T11:55:19.000Z,2,109.5384,359.8339,4,4
,,2023-04-19T14:00:00.000Z,2,108.6250,337.9119,1,3
,,2023-04-18T14:00:00.000Z,3,107.6250,313.9119,7,2
,,2023-04-17T14:00:00.000Z,3,106.6250,289.9119,11,1
,,2023-04-16T14:00:00.000Z,3,105.6250,265.9119,0,7
,,2023-04-15T14:00:00.000Z,3,104.6250,241.9119,0,6
,,2023-04-14T14:00:00.000Z,3,103.6250,217.9119,0,5
,,2023-04-13T14:00:00.000Z,3,102.6250,193.9119,4,4
,,2023-04-12T14:00:00.000Z,3,101.6250,169.9119,8,3
,,2023-04-11T14:00:00.000Z,4,100.6250,145.9119,1,2
,,2023-04-10T14:00:00.000Z,4,99.6250,121.9119,0,1
,,2023-04-09T14:00:00.000Z,4,98.6250,97.9119,1,7
,,2023-04-08T14:00:00.000Z,4,97.6250,73.9119,2,6
,,2023-04-07T14:00:00.000Z,4,96.6250,49.9119,0,5
,,2023-04-06T14:00:00.000Z,4,95.6250,25.9119,2,4
23w14a,snapshot,2023-04-05T12:05:17.000Z,3,94.5453,95.2164,17,3
,,2023-04-04T14:00:00.000Z,3,93.6250,73.1283,15,2
,,2023-04-03T14:00:00.000Z,4,92.6250,49.1283,7,1
,,2023-04-02T14:00:00.000Z,5,91.6250,25.1283,1,7
23w13a_or_b,snapshot,2023-04-01T12:52:18.000Z,4,90.5780,70.9672,1,6
,,2023-03-31T14:00:00.000Z,4,89.6250,48.0956,13,5
,,2023-03-30T14:00:00.000Z,6,88.6250,24.0956,25,4
23w13a,snapshot,2023-03-29T13:54:16.000Z,5,87.6210,168.4261,16,3
,,2023-03-28T14:00:00.000Z,6,86.6250,144.5217,14,2
,,2023-03-27T14:00:00.000Z,6,85.6250,120.5217,11,1
,,2023-03-26T14:00:00.000Z,6,84.6250,96.5217,0,7
,,2023-03-25T14:00:00.000Z,6,83.6250,72.5217,1,6
,,2023-03-24T14:00:00.000Z,6,82.6250,48.5217,9,5
,,2023-03-23T14:00:00.000Z,6,81.6250,24.5217,2,4
23w12a,snapshot,2023-03-22T13:28:42.000Z,6,80.6033,192.5400,6,3
,,2023-03-21T15:00:00.000Z,6,79.6667,170.0617,10,2
,,2023-03-20T15:00:00.000Z,6,78.6667,146.0617,1,1
,,2023-03-19T15:00:00.000Z,7,77.6667,122.0617,0,7
,,2023-03-18T15:00:00.000Z,7,76.6667,98.0617,0,6
,,2023-03-17T15:00:00.000Z,7,75.6667,74.0617,2,5
,,2023-03-16T15:00:00.000Z,7,74.6667,50.0617,0,4
,,2023-03-15T15:00:00.000Z,8,73.6667,26.0617,17,3
1.19.4,release,2023-03-14T12:56:18.000Z,7,72.5808,26.8853,0,2
1.19.4-rc3,snapshot,2023-03-13T10:03:11.000Z,6,71.4605,69.3381,1,1
,,2023-03-12T15:00:00.000Z,6,70.6667,50.2850,0,7
,,2023-03-11T15:00:00.000Z,6,69.6667,26.2850,0,6
1.19.4-rc2,snapshot,2023-03-10T12:42:54.000Z,5,68.5715,22.1178,4,5
1.19.4-rc1,snapshot,2023-03-09T14:35:50.000Z,4,67.6499,25.4578,1,4
1.19.4-pre4,snapshot,2023-03-08T13:08:22.000Z,4,66.5891,166.9547,13,3
,,2023-03-07T15:00:00.000Z,4,65.6667,144.8153,5,2
,,2023-03-06T15:00:00.000Z,4,64.6667,120.8153,15,1
,,2023-03-05T15:00:00.000Z,4,63.6667,96.8153,0,7
,,2023-03-04T15:00:00.000Z,4,62.6667,72.8153,0,6
,,2023-03-03T15:00:00.000Z,4,61.6667,48.8153,0,5
,,2023-03-02T15:00:00.000Z,4,60.6667,24.8153,4,4
1.19.4-pre3,snapshot,2023-03-01T14:11:05.000Z,4,59.6327,48.5367,12,3
,,2023-02-28T15:00:00.000Z,4,58.6667,25.3519,2,2
1.19.4-pre2,snapshot,2023-02-27T13:38:53.000Z,3,57.6103,117.6386,6,1
,,2023-02-26T15:00:00.000Z,3,56.6667,94.9906,2,7
,,2023-02-25T15:00:00.000Z,3,55.6667,70.9906,1,6
,,2023-02-24T15:00:00.000Z,3,54.6667,46.9906,17,5
,,2023-02-23T15:00:00.000Z,3,53.6667,22.9906,0,4
1.19.4-pre1,snapshot,2023-02-22T16:00:34.000Z,2,52.7087,169.4681,44,3
,,2023-02-21T15:00:00.000Z,3,51.6667,144.4586,12,2
,,2023-02-20T15:00:00.000Z,3,50.6667,120.4586,0,1
,,2023-02-19T15:00:00.000Z,3,49.6667,96.4586,0,7
,,2023-02-18T15:00:00.000Z,3,48.6667,72.4586,1,6
,,2023-02-17T15:00:00.000Z,3,47.6667,48.4586,0,5
,,2023-02-16T15:00:00.000Z,3,46.6667,24.4586,1,4
23w07a,snapshot,2023-02-15T14:32:29.000Z,2,45.6476,167.5403,31,3
,,2023-02-14T15:00:00.000Z,3,44.6667,143.9989,1,2
,,2023-02-13T15:00:00.000Z,3,43.6667,119.9989,4,1
,,2023-02-12T15:00:00.000Z,3,42.6667,95.9989,0,7
,,2023-02-11T15:00:00.000Z,3,41.6667,71.9989,1,6
,,2023-02-10T15:00:00.000Z,3,40.6667,47.9989,0,5
,,2023-02-09T15:00:00.000Z,3,39.6667,23.9989,0,4
23w06a,snapshot,2023-02-08T15:00:04.000Z,2,38.6667,168.6586,11,3
,,2023-02-07T15:00:00.000Z,3,37.6667,144.6575,27,2
,,2023-02-06T15:00:00.000Z,3,36.6667,120.6575,2,1
,,2023-02-05T15:00:00.000Z,3,35.6667,96.6575,0,7
,,2023-02-04T15:00:00.000Z,3,34.6667,72.6575,0,6
,,2023-02-03T15:00:00.000Z,3,33.6667,48.6575,5,5
,,2023-02-02T15:00:00.000Z,3,32.6667,24.6575,5,4
23w05a,snapshot,2023-02-01T14:20:33.000Z,2,31.6393,191.0242,11,3
,,2023-01-31T15:00:00.000Z,2,30.6667,167.6817,2,2
,,2023-01-30T15:00:00.000Z,2,29.6667,143.6817,1,1
,,2023-01-29T15:00:00.000Z,2,28.6667,119.6817,0,7
,,2023-01-28T15:00:00.000Z,2,27.6667,95.6817,1,6
,,2023-01-27T15:00:00.000Z,2,26.6667,71.6817,0,5
,,2023-01-26T15:00:00.000Z,2,25.6667,47.6817,3,4
,,2023-01-25T15:00:00.000Z,2,24.6667,23.6817,1,3
23w04a,snapshot,2023-01-24T15:19:06.000Z,1,23.6799,146.1431,0,2
,,2023-01-23T15:00:00.000Z,1,22.6667,121.8247,0,1
,,2023-01-22T15:00:00.000Z,1,21.6667,97.8247,0,7
,,2023-01-21T15:00:00.000Z,1,20.6667,73.8247,2,6
,,2023-01-20T15:00:00.000Z,1,19.6667,49.8247,1,5
,,2023-01-19T15:00:00.000Z,1,18.6667,25.8247,4,4
23w03a,snapshot,2023-01-18T13:10:31.000Z,0,17.5906,1012.8869,3,3
,,2023-01-17T15:00:00.000Z,0,16.6667,990.7117,0,2
,,2023-01-16T15:00:00.000Z,0,15.6667,966.7117,1,1
,,2023-01-15T15:00:00.000Z,0,14.6667,942.7117,0,7
,,2023-01-14T15:00:00.000Z,0,13.6667,918.7117,2,6
,,2023-01-13T15:00:00.000Z,0,12.6667,894.7117,0,5
,,2023-01-12T15:00:00.000Z,0,11.6667,870.7117,4,4
,,2023-01-11T15:00:00.000Z,0,10.6667,846.7117,2,3
,,2023-01-10T15:00:00.000Z,0,9.6667,822.7117,0,2
,,2023-01-09T15:00:00.000Z,0,8.6667,798.7117,0,1
,,2023-01-08T15:00:00.000Z,0,7.6667,774.7117,0,7
,,2023-01-07T15:00:00.000Z,0,6.6667,750.7117,0,6
,,2023-01-06T15:00:00.000Z,0,5.6667,726.7117,0,5
,,2023-01-05T15:00:00.000Z,0,4.6667,702.7117,0,4
,,2023-01-04T15:00:00.000Z,0,3.6667,678.7117,4,3
,,2023-01-03T15:00:00.000Z,0,2.6667,654.7117,0,2
,,2023-01-02T15:00:00.000Z,0,1.6667,630.7117,0,1
,,2023-01-01T15:00:00.000Z,0,0.6667,606.7117,0,7
,,2022-12-31T15:00:00.000Z,0,364.6667,582.7117,0,6
,,2022-12-30T15:00:00.000Z,0,363.6667,558.7117,0,5
,,2022-12-29T15:00:00.000Z,0,362.6667,534.7117,0,4
,,2022-12-28T15:00:00.000Z,0,361.6667,510.7117,0,3
,,2022-12-27T15:00:00.000Z,1,360.6667,486.7117,0,2
,,2022-12-26T15:00:00.000Z,2,359.6667,462.7117,0,1
,,2022-12-25T15:00:00.000Z,3,358.6667,438.7117,1,7
,,2022-12-24T15:00:00.000Z,3,357.6667,414.7117,0,6
,,2022-12-23T15:00:00.000Z,3,356.6667,390.7117,0,5
,,2022-12-22T15:00:00.000Z,3,355.6667,366.7117,0,4
,,2022-12-21T15:00:00.000Z,4,354.6667,342.7117,0,3
,,2022-12-20T15:00:00.000Z,4,353.6667,318.7117,2,2
,,2022-12-19T15:00:00.000Z,5,352.6667,294.7117,2,1
,,2022-12-18T15:00:00.000Z,5,351.6667,270.7117,0,7
,,2022-12-17T15:00:00.000Z,5,350.6667,246.7117,0,6
,,2022-12-16T15:00:00.000Z,5,349.6667,222.7117,0,5
,,2022-12-15T15:00:00.000Z,5,348.6667,198.7117,9,4
,,2022-12-14T15:00:00.000Z,6,347.6667,174.7117,3,3
,,2022-12-13T15:00:00.000Z,6,346.6667,150.7117,0,2
,,2022-12-12T15:00:00.000Z,7,345.6667,126.7117,1,1
,,2022-12-11T15:00:00.000Z,7,344.6667,102.7117,0,7
,,2022-12-10T15:00:00.000Z,7,343.6667,78.7117,0,6
,,2022-12-09T15:00:00.000Z,7,342.6667,54.7117,0,5
,,2022-12-08T15:00:00.000Z,7,341.6667,30.7117,8,4
1.19.3,release,2022-12-07T08:17:18.000Z,7,340.3870,21.8881,1,3
1.19.3-rc3,snapshot,2022-12-06T10:24:01.000Z,6,339.4750,21.0408,3,2
1.19.3-rc2,snapshot,2022-12-05T13:21:34.000Z,5,338.5983,95.6044,2,1
,,2022-12-04T15:00:00.000Z,5,337.6667,73.2450,0,7
,,2022-12-03T15:00:00.000Z,5,336.6667,49.2450,1,6
,,2022-12-02T15:00:00.000Z,5,335.6667,25.2450,3,5
1.19.3-rc1,snapshot,2022-12-01T13:45:18.000Z,4,334.6148,47.2861,1,4
,,2022-11-30T15:00:00.000Z,4,333.6667,24.5311,13,3
1.19.3-pre3,snapshot,2022-11-29T14:28:08.000Z,4,332.6445,142.2619,20,2
,,2022-11-28T15:00:00.000Z,4,331.6667,118.7931,4,1
,,2022-11-27T15:00:00.000Z,4,330.6667,94.7931,0,7
,,2022-11-26T15:00:00.000Z,4,329.6667,70.7931,0,6
,,2022-11-25T15:00:00.000Z,4,328.6667,46.7931,0,5
,,2022-11-24T15:00:00.000Z,4,327.6667,22.7931,0,4
1.19.3-pre2,snapshot,2022-11-23T16:12:25.000Z,3,326.7170,26.2133,11,3
1.19.3-pre1,snapshot,2022-11-22T13:59:37.000Z,3,325.6247,144.4464,11,2
,,2022-11-21T15:00:00.000Z,3,324.6667,121.4528,7,1
,,2022-11-20T15:00:00.000Z,3,323.6667,97.4528,0,7
,,2022-11-19T15:00:00.000Z,3,322.6667,73.4528,0,6
,,2022-11-18T15:00:00.000Z,3,321.6667,49.4528,1,5
,,2022-11-17T15:00:00.000Z,3,320.6667,25.4528,4,4
22w46a,snapshot,2022-11-16T13:32:50.000Z,2,319.6061,167.0428,3,3
,,2022-11-15T15:00:00.000Z,3,318.6667,144.4956,5,2
,,2022-11-14T15:00:00.000Z,3,317.6667,120.4956,24,1
,,2022-11-13T15:00:00.000Z,3,316.6667,96.4956,0,7
,,2022-11-12T15:00:00.000Z,3,315.6667,72.4956,0,6
,,2022-11-11T15:00:00.000Z,3,314.6667,48.4956,3,5
,,2022-11-10T15:00:00.000Z,3,313.6667,24.4956,13,4
22w45a,snapshot,2022-11-09T14:30:16.000Z,2,312.6460,169.2425,9,3
,,2022-11-08T15:00:00.000Z,3,311.6667,145.7381,12,2
,,2022-11-07T15:00:00.000Z,3,310.6667,121.7381,12,1
,,2022-11-06T15:00:00.000Z,3,309.6667,97.7381,1,7
,,2022-11-05T15:00:00.000Z,3,308.6667,73.7381,1,6
,,2022-11-04T15:00:00.000Z,3,307.6667,49.7381,0,5
,,2022-11-03T15:00:00.000Z,3,306.6667,25.7381,4,4
22w44a,snapshot,2022-11-02T13:15:43.000Z,2,305.5942,169.3289,20,3
,,2022-11-01T15:00:00.000Z,2,304.6667,147.0669,4,2
,,2022-10-31T15:00:00.000Z,2,303.6667,123.0669,1,1
,,2022-10-30T15:00:00.000Z,2,302.6667,99.0669,2,7
,,2022-10-29T15:00:00.000Z,2,301.6667,75.0669,0,6
,,2022-10-28T15:00:00.000Z,2,300.6667,51.0669,4,5
,,2022-10-27T15:00:00.000Z,2,299.6667,27.0669,0,4
22w43a,snapshot,2022-10-26T11:55:59.000Z,1,298.5389,170.3603,17,3
,,2022-10-25T14:00:00.000Z,1,297.6250,148.4272,7,2
,,2022-10-24T14:00:00.000Z,1,296.6250,124.4272,9,1
,,2022-10-23T14:00:00.000Z,1,295.6250,100.4272,0,7
,,2022-10-22T14:00:00.000Z,1,294.6250,76.4272,0,6
,,2022-10-21T14:00:00.000Z,1,293.6250,52.4272,12,5
,,2022-10-20T14:00:00.000Z,1,292.6250,28.4272,2,4
22w42a,snapshot,2022-10-19T09:34:22.000Z,0,291.4405,1797.6214,2,3
,,2022-10-18T14:00:00.000Z,0,290.6250,1778.0486,0,2
,,2022-10-17T14:00:00.000Z,0,289.6250,1754.0486,0,1
,,2022-10-16T14:00:00.000Z,0,288.6250,1730.0486,0,7
,,2022-10-15T14:00:00.000Z,0,287.6250,1706.0486,0,6
,,2022-10-14T14:00:00.000Z,0,286.6250,1682.0486,0,5
,,2022-10-13T14:00:00.000Z,0,285.6250,1658.0486,0,4
,,2022-10-12T14:00:00.000Z,0,284.6250,1634.0486,1,3
,,2022-10-11T14:00:00.000Z,0,283.6250,1610.0486,14,2
,,2022-10-10T14:00:00.000Z,0,282.6250,1586.0486,9,1
,,2022-10-09T14:00:00.000Z,0,281.6250,1562.0486,0,7
,,2022-10-08T14:00:00.000Z,0,280.6250,1538.0486,0,6
,,2022-10-07T14:00:00.000Z,0,279.6250,1514.0486,2,5
,,2022-10-06T14:00:00.000Z,0,278.6250,1490.0486,2,4
,,2022-10-05T14:00:00.000Z,0,277.6250,1466.0486,4,3
,,2022-10-04T14:00:00.000Z,0,276.6250,1442.0486,1,2
,,2022-10-03T14:00:00.000Z,0,275.6250,1418.0486,3,1
,,2022-10-02T14:00:00.000Z,0,274.6250,1394.0486,0,7
,,2022-10-01T14:00:00.000Z,0,273.6250,1370.0486,0,6
,,2022-09-30T14:00:00.000Z,0,272.6250,1346.0486,0,5
,,2022-09-29T14:00:00.000Z,0,271.6250,1322.0486,3,4
,,2022-09-28T14:00:00.000Z,0,270.6250,1298.0486,3,3
,,2022-09-27T14:00:00.000Z,0,269.6250,1274.0486,0,2
,,2022-09-26T14:00:00.000Z,0,268.6250,1250.0486,0,1
,,2022-09-25T14:00:00.000Z,0,267.6250,1226.0486,0,7
,,2022-09-24T14:00:00.000Z,0,266.6250,1202.0486,0,6
,,2022-09-23T14:00:00.000Z,0,265.6250,1178.0486,0,5
,,2022-09-22T14:00:00.000Z,0,264.6250,1154.0486,2,4
,,2022-09-21T14:00:00.000Z,0,263.6250,1130.0486,0,3
,,2022-09-20T14:00:00.000Z,0,262.6250,1106.0486,0,2
,,2022-09-19T14:00:00.000Z,0,261.6250,1082.0486,1,1
,,2022-09-18T14:00:00.000Z,0,260.6250,1058.0486,0,7
,,2022-09-17T14:00:00.000Z,0,259.6250,1034.0486,0,6
,,2022-09-16T14:00:00.000Z,0,258.6250,1010.0486,0,5
,,2022-09-15T14:00:00.000Z,0,257.6250,986.0486,1,4
,,2022-09-14T14:00:00.000Z,0,256.6250,962.0486,3,3
,,2022-09-13T14:00:00.000Z,0,255.6250,938.0486,10,2
,,2022-09-12T14:00:00.000Z,0,254.6250,914.0486,0,1
,,2022-09-11T14:00:00.000Z,0,253.6250,890.0486,0,7
,,2022-09-10T14:00:00.000Z,0,252.6250,866.0486,0,6
,,2022-09-09T14:00:00.000Z,0,251.6250,842.0486,0,5
,,2022-09-08T14:00:00.000Z,0,250.6250,818.0486,1,4
,,2022-09-07T14:00:00.000Z,0,249.6250,794.0486,0,3
,,2022-09-06T14:00:00.000Z,0,248.6250,770.0486,1,2
,,2022-09-05T14:00:00.000Z,0,247.6250,746.0486,0,1
,,2022-09-04T14:00:00.000Z,0,246.6250,722.0486,3,7
,,2022-09-03T14:00:00.000Z,0,245.6250,698.0486,0,6
,,2022-09-02T14:00:00.000Z,0,244.6250,674.0486,0,5
,,2022-09-01T14:00:00.000Z,0,243.6250,650.0486,0,4
,,2022-08-31T14:00:00.000Z,0,242.6250,626.0486,0,3
,,2022-08-30T14:00:00.000Z,0,241.6250,602.0486,1,2
,,2022-08-29T14:00:00.000Z,0,240.6250,578.0486,0,1
,,2022-08-28T14:00:00.000Z,0,239.6250,554.0486,0,7
,,2022-08-27T14:00:00.000Z,0,238.6250,530.0486,0,6
,,2022-08-26T14:00:00.000Z,0,237.6250,506.0486,0,5
,,2022-08-25T14:00:00.000Z,2,236.6250,482.0486,0,4
,,2022-08-24T14:00:00.000Z,3,235.6250,458.0486,0,3
,,2022-08-23T14:00:00.000Z,3,234.6250,434.0486,0,2
,,2022-08-22T14:00:00.000Z,3,233.6250,410.0486,0,1
,,2022-08-21T14:00:00.000Z,3,232.6250,386.0486,0,7
,,2022-08-20T14:00:00.000Z,3,231.6250,362.0486,0,6
,,2022-08-19T14:00:00.000Z,3,230.6250,338.0486,0,5
,,2022-08-18T14:00:00.000Z,3,229.6250,314.0486,1,4
,,2022-08-17T14:00:00.000Z,3,228.6250,290.0486,0,3
,,2022-08-16T14:00:00.000Z,5,227.6250,266.0486,0,2
,,2022-08-15T14:00:00.000Z,5,226.6250,242.0486,0,1
,,2022-08-14T14:00:00.000Z,5,225.6250,218.0486,0,7
,,2022-08-13T14:00:00.000Z,5,224.6250,194.0486,0,6
,,2022-08-12T14:00:00.000Z,5,223.6250,170.0486,0,5
,,2022-08-11T14:00:00.000Z,6,222.6250,146.0486,0,4
,,2022-08-10T14:00:00.000Z,7,221.6250,122.0486,0,3
,,2022-08-09T14:00:00.000Z,7,220.6250,98.0486,0,2
,,2022-08-08T14:00:00.000Z,7,219.6250,74.0486,0,1
,,2022-08-07T14:00:00.000Z,7,218.6250,50.0486,0,7
,,2022-08-06T14:00:00.000Z,7,217.6250,26.0486,0,6
1.19.2,release,2022-08-05T11:57:05.000Z,6,216.5396,20.6225,0,5
1.19.2-rc2,snapshot,2022-08-04T15:19:44.000Z,6,215.6804,5.2050,0,4
1.19.2-rc1,snapshot,2022-08-04T10:07:26.000Z,5,215.4635,192.6981,0,4
,,2022-08-03T14:00:00.000Z,5,214.6250,172.5742,0,3
,,2022-08-02T14:00:00.000Z,5,213.6250,148.5742,0,2
,,2022-08-01T14:00:00.000Z,5,212.6250,124.5742,0,1
,,2022-07-31T14:00:00.000Z,5,211.6250,100.5742,0,7
,,2022-07-30T14:00:00.000Z,5,210.6250,76.5742,0,6
,,2022-07-29T14:00:00.000Z,5,209.6250,52.5742,0,5
,,2022-07-28T14:00:00.000Z,6,208.6250,28.5742,2,4
1.19.1,release,2022-07-27T09:25:33.000Z,6,207.4344,17.8494,1,3
1.19.1-rc3,snapshot,2022-07-26T15:34:35.000Z,5,206.6907,119.1458,2,2
,,2022-07-25T14:00:00.000Z,5,205.6250,93.5694,0,1
,,2022-07-24T14:00:00.000Z,5,204.6250,69.5694,0,7
,,2022-07-23T14:00:00.000Z,5,203.6250,45.5694,2,6
,,2022-07-22T14:00:00.000Z,5,202.6250,21.5694,0,5
1.19.1-rc2,snapshot,2022-07-21T16:25:50.000Z,4,201.7263,24.6053,6,4
1.19.1-pre6,snapshot,2022-07-20T15:49:31.000Z,4,200.7011,123.9631,5,3
,,2022-07-19T14:00:00.000Z,4,199.6250,98.1378,5,2
,,2022-07-18T14:00:00.000Z,4,198.6250,74.1378,3,1
,,2022-07-17T14:00:00.000Z,4,197.6250,50.1378,0,7
,,2022-07-16T14:00:00.000Z,4,196.6250,26.1378,4,6
1.19.1-pre5,snapshot,2022-07-15T11:51:44.000Z,3,195.5359,168.1625,3,5
,,2022-07-14T14:00:00.000Z,4,194.6250,146.3003,4,4
,,2022-07-13T14:00:00.000Z,4,193.6250,122.3003,1,3
,,2022-07-12T14:00:00.000Z,5,192.6250,98.3003,3,2
,,2022-07-11T14:00:00.000Z,5,191.6250,74.3003,1,1
,,2022-07-10T14:00:00.000Z,5,190.6250,50.3003,0,7
,,2022-07-09T14:00:00.000Z,5,189.6250,26.3003,0,6
1.19.1-pre4,snapshot,2022-07-08T11:41:59.000Z,4,188.5292,44.8536,1,5
,,2022-07-07T14:00:00.000Z,4,187.6250,23.1539,1,4
1.19.1-pre3,snapshot,2022-07-06T14:50:46.000Z,4,186.6603,142.8906,9,3
,,2022-07-05T14:00:00.000Z,4,185.6250,118.0444,9,2
,,2022-07-04T14:00:00.000Z,4,184.6250,94.0444,3,1
,,2022-07-03T14:00:00.000Z,4,183.6250,70.0444,0,7
,,2022-07-02T14:00:00.000Z,4,182.6250,46.0444,0,6
,,2022-07-01T14:00:00.000Z,4,181.6250,22.0444,0,5
1.19.1-pre2,snapshot,2022-06-30T15:57:20.000Z,3,180.7065,167.4108,1,4
,,2022-06-29T14:00:00.000Z,3,179.6250,141.4553,0,3
,,2022-06-28T14:00:00.000Z,3,178.6250,117.4553,2,2
,,2022-06-27T14:00:00.000Z,4,177.6250,93.4553,4,1
,,2022-06-26T14:00:00.000Z,4,176.6250,69.4553,0,7
,,2022-06-25T14:00:00.000Z,4,175.6250,45.4553,0,6
,,2022-06-24T14:00:00.000Z,4,174.6250,21.4553,1,5
1.19.1-rc1,snapshot,2022-06-23T16:32:41.000Z,4,173.7310,47.3117,6,4
,,2022-06-22T14:00:00.000Z,5,172.6250,20.7669,7,3
1.19.1-pre1,snapshot,2022-06-21T17:13:59.000Z,5,171.7597,144.8694,20,2
,,2022-06-20T14:00:00.000Z,6,170.6250,117.6364,0,1
,,2022-06-19T14:00:00.000Z,6,169.6250,93.6364,1,7
,,2022-06-18T14:00:00.000Z,6,168.6250,69.6364,0,6
,,2022-06-17T14:00:00.000Z,6,167.6250,45.6364,1,5
,,2022-06-16T14:00:00.000Z,6,166.6250,21.6364,0,4
22w24a,snapshot,2022-06-15T16:21:49.000Z,5,165.7235,198.6586,1,3
,,2022-06-14T14:00:00.000Z,6,164.6250,172.2950,0,2
,,2022-06-13T14:00:00.000Z,7,163.6250,148.2950,0,1
,,2022-06-12T14:00:00.000Z,7,162.6250,124.2950,1,7
,,2022-06-11T14:00:00.000Z,7,161.6250,100.2950,0,6
,,2022-06-10T14:00:00.000Z,7,160.6250,76.2950,5,5
,,2022-06-09T14:00:00.000Z,7,159.6250,52.2950,6,4
,,2022-06-08T14:00:00.000Z,7,158.6250,28.2950,1,3
1.19,release,2022-06-07T09:42:18.000Z,7,157.4460,93.9147,3,2
,,2022-06-06T14:00:00.000Z,7,156.6250,74.2097,0,1
,,2022-06-05T14:00:00.000Z,7,155.6250,50.2097,0,7
,,2022-06-04T14:00:00.000Z,7,154.6250,26.2097,0,6
1.19-rc2,snapshot,2022-06-03T11:47:25.000Z,6,153.5329,23.5758,0,5
1.19-rc1,snapshot,2022-06-02T12:12:52.000Z,6,152.5506,25.2747,1,4
1.19-pre5,snapshot,2022-06-01T10:56:23.000Z,5,151.4975,44.2228,3,3
,,2022-05-31T14:00:00.000Z,5,150.6250,23.2831,9,2
1.19-pre4,snapshot,2022-05-30T14:43:01.000Z,4,149.6549,124.7706,7,1
,,2022-05-29T14:00:00.000Z,4,148.6250,100.0536,0,7
,,2022-05-28T14:00:00.000Z,4,147.6250,76.0536,0,6
,,2022-05-27T14:00:00.000Z,4,146.6250,52.0536,4,5
,,2022-05-26T14:00:00.000Z,4,145.6250,28.0536,3,4
1.19-pre3,snapshot,2022-05-25T09:56:47.000Z,4,144.4561,43.0464,8,3
,,2022-05-24T14:00:00.000Z,4,143.6250,23.1000,13,2
1.19-pre2,snapshot,2022-05-23T14:54:00.000Z,3,142.6625,121.0350,28,1
,,2022-05-22T14:00:00.000Z,3,141.6250,96.1350,0,7
,,2022-05-21T14:00:00.000Z,3,140.6250,72.1350,0,6
,,2022-05-20T14:00:00.000Z,3,139.6250,48.1350,0,5
,,2022-05-19T14:00:00.000Z,3,138.6250,24.1350,30,4
1.19-pre1,snapshot,2022-05-18T13:51:54.000Z,3,137.6194,142.2619,17,3
,,2022-05-17T14:00:00.000Z,3,136.6250,118.3969,23,2
,,2022-05-16T14:00:00.000Z,3,135.6250,94.3969,6,1
,,2022-05-15T14:00:00.000Z,3,134.6250,70.3969,3,7
,,2022-05-14T14:00:00.000Z,3,133.6250,46.3969,0,6
,,2022-05-13T14:00:00.000Z,3,132.6250,22.3969,2,5
22w19a,snapshot,2022-05-12T15:36:11.000Z,2,131.6918,192.9100,19,4
,,2022-05-11T14:00:00.000Z,4,130.6250,167.3069,2,3
,,2022-05-10T14:00:00.000Z,4,129.6250,143.3069,1,2
,,2022-05-09T14:00:00.000Z,4,128.6250,119.3069,1,1
,,2022-05-08T14:00:00.000Z,4,127.6250,95.3069,2,7
,,2022-05-07T14:00:00.000Z,4,126.6250,71.3069,0,6
,,2022-05-06T14:00:00.000Z,4,125.6250,47.3069,1,5
,,2022-05-05T14:00:00.000Z,4,124.6250,23.3069,5,4
22w18a,snapshot,2022-05-04T14:41:35.000Z,4,123.6539,166.7889,10,3
,,2022-05-03T14:00:00.000Z,4,122.6250,142.0958,5,2
,,2022-05-02T14:00:00.000Z,4,121.6250,118.0958,11,1
,,2022-05-01T14:00:00.000Z,4,120.6250,94.0958,0,7
,,2022-04-30T14:00:00.000Z,4,119.6250,70.0958,1,6
,,2022-04-29T14:00:00.000Z,4,118.6250,46.0958,5,5
,,2022-04-28T14:00:00.000Z,4,117.6250,22.0958,4,4
22w17a,snapshot,2022-04-27T15:54:15.000Z,3,116.7043,166.4786,8,3
,,2022-04-26T14:00:00.000Z,4,115.6250,140.5744,12,2
,,2022-04-25T14:00:00.000Z,4,114.6250,116.5744,2,1
,,2022-04-24T14:00:00.000Z,4,113.6250,92.5744,0,7
,,2022-04-23T14:00:00.000Z,4,112.6250,68.5744,0,6
,,2022-04-22T14:00:00.000Z,4,111.6250,44.5744,8,5
,,2022-04-21T14:00:00.000Z,6,110.6250,20.5744,18,4
22w16b,snapshot,2022-04-20T17:25:32.000Z,5,109.7677,2.8069,24,3
22w16a,snapshot,2022-04-20T14:37:07.000Z,4,109.6508,166.9306,24,3
,,2022-04-19T14:00:00.000Z,4,108.6250,142.3119,12,2
,,2022-04-18T14:00:00.000Z,4,107.6250,118.3119,1,1
,,2022-04-17T14:00:00.000Z,4,106.6250,94.3119,1,7
,,2022-04-16T14:00:00.000Z,4,105.6250,70.3119,2,6
,,2022-04-15T14:00:00.000Z,4,104.6250,46.3119,1,5
,,2022-04-14T14:00:00.000Z,5,103.6250,22.3119,2,4
22w15a,snapshot,2022-04-13T15:41:17.000Z,4,102.6953,170.0681,35,3
,,2022-04-12T14:00:00.000Z,4,101.6250,144.3800,8,2
,,2022-04-11T14:00:00.000Z,4,100.6250,120.3800,1,1
,,2022-04-10T14:00:00.000Z,4,99.6250,96.3800,0,7
,,2022-04-09T14:00:00.000Z,4,98.6250,72.3800,2,6
,,2022-04-08T14:00:00.000Z,4,97.6250,48.3800,10,5
,,2022-04-07T14:00:00.000Z,4,96.6250,24.3800,4,4
22w14a,snapshot,2022-04-06T13:37:12.000Z,4,95.6092,121.6706,45,3
,,2022-04-05T14:00:00.000Z,4,94.6250,98.0506,1,2
,,2022-04-04T14:00:00.000Z,4,93.6250,74.0506,2,1
,,2022-04-03T14:00:00.000Z,4,92.6250,50.0506,0,7
,,2022-04-02T14:00:00.000Z,4,91.6250,26.0506,1,6
22w13oneblockatatime,snapshot,2022-04-01T11:56:58.000Z,3,90.5396,21.0592,5,5
22w13a,snapshot,2022-03-31T14:53:25.000Z,2,89.6621,166.6397,5,4
,,2022-03-30T14:00:00.000Z,2,88.6250,141.7494,7,3
,,2022-03-29T14:00:00.000Z,2,87.6250,117.7494,5,2
,,2022-03-28T14:00:00.000Z,2,86.6250,93.7494,0,1
,,2022-03-27T14:00:00.000Z,2,85.6250,69.7494,0,7
,,2022-03-26T14:00:00.000Z,2,84.6250,45.7494,1,6
,,2022-03-25T14:00:00.000Z,2,83.6250,21.7494,1,5
22w12a,snapshot,2022-03-24T16:15:02.000Z,1,82.7188,192.3233,12,4
,,2022-03-23T15:00:00.000Z,1,81.6667,167.0728,13,3
,,2022-03-22T15:00:00.000Z,1,80.6667,143.0728,5,2
,,2022-03-21T15:00:00.000Z,1,79.6667,119.0728,2,1
,,2022-03-20T15:00:00.000Z,2,78.6667,95.0728,0,7
,,2022-03-19T15:00:00.000Z,2,77.6667,71.0728,5,6
,,2022-03-18T15:00:00.000Z,2,76.6667,47.0728,0,5
,,2022-03-17T15:00:00.000Z,3,75.6667,23.0728,1,4
22w11a,snapshot,2022-03-16T15:55:38.000Z,2,74.7053,389.2147,4,3
,,2022-03-15T15:00:00.000Z,3,73.6667,364.2875,0,2
,,2022-03-14T15:00:00.000Z,4,72.6667,340.2875,0,1
,,2022-03-13T15:00:00.000Z,4,71.6667,316.2875,1,7
,,2022-03-12T15:00:00.000Z,4,70.6667,292.2875,0,6
,,2022-03-11T15:00:00.000Z,5,69.6667,268.2875,0,5
,,2022-03-10T15:00:00.000Z,5,68.6667,244.2875,0,4
,,2022-03-09T15:00:00.000Z,6,67.6667,220.2875,1,3
,,2022-03-08T15:00:00.000Z,6,66.6667,196.2875,0,2
,,2022-03-07T15:00:00.000Z,6,65.6667,172.2875,17,1
,,2022-03-06T15:00:00.000Z,6,64.6667,148.2875,0,7
,,2022-03-05T15:00:00.000Z,6,63.6667,124.2875,0,6
,,2022-03-04T15:00:00.000Z,6,62.6667,100.2875,1,5
,,2022-03-03T15:00:00.000Z,6,61.6667,76.2875,0,4
,,2022-03-02T15:00:00.000Z,7,60.6667,52.2875,0,3
,,2022-03-01T15:00:00.000Z,7,59.6667,28.2875,0,2
1.18.2,release,2022-02-28T10:42:45.000Z,6,58.4880,69.2847,3,1
,,2022-02-27T15:00:00.000Z,6,57.6667,49.5722,0,7
,,2022-02-26T15:00:00.000Z,6,56.6667,25.5722,0,6
1.18.2-rc1,snapshot,2022-02-25T13:25:40.000Z,5,55.6012,46.0411,2,5
,,2022-02-24T15:00:00.000Z,5,54.6667,23.6133,2,4
1.18.2-pre3,snapshot,2022-02-23T15:23:12.000Z,5,53.6828,47.9481,7,3
,,2022-02-22T15:00:00.000Z,5,52.6667,23.5614,4,2
1.18.2-pre2,snapshot,2022-02-21T15:26:19.000Z,4,51.6849,71.4297,6,1
,,2022-02-20T15:00:00.000Z,4,50.6667,46.9911,0,7
,,2022-02-19T15:00:00.000Z,4,49.6667,22.9911,2,6
1.18.2-pre1,snapshot,2022-02-18T16:00:32.000Z,3,48.7087,47.7761,10,5
,,2022-02-17T15:00:00.000Z,3,47.6667,22.7672,0,4
22w07a,snapshot,2022-02-16T16:13:58.000Z,2,46.7180,167.4361,6,3
,,2022-02-15T15:00:00.000Z,2,45.6667,142.2033,1,2
,,2022-02-14T15:00:00.000Z,2,44.6667,118.2033,2,1
,,2022-02-13T15:00:00.000Z,2,43.6667,94.2033,0,7
,,2022-02-12T15:00:00.000Z,2,42.6667,70.2033,0,6
,,2022-02-11T15:00:00.000Z,2,41.6667,46.2033,5,5
,,2022-02-10T15:00:00.000Z,2,40.6667,22.2033,1,4
22w06a,snapshot,2022-02-09T16:47:48.000Z,1,39.7415,168.6525,2,3
,,2022-02-08T15:00:00.000Z,2,38.6667,142.8558,1,2
,,2022-02-07T15:00:00.000Z,2,37.6667,118.8558,0,1
,,2022-02-06T15:00:00.000Z,2,36.6667,94.8558,0,7
,,2022-02-05T15:00:00.000Z,2,35.6667,70.8558,0,6
,,2022-02-04T15:00:00.000Z,2,34.6667,46.8558,0,5
,,2022-02-03T15:00:00.000Z,2,33.6667,22.8558,1,4
22w05a,snapshot,2022-02-02T16:08:39.000Z,1,32.7143,336.0611,3,3
,,2022-02-01T15:00:00.000Z,1,31.6667,310.9169,1,2
,,2022-01-31T15:00:00.000Z,1,30.6667,286.9169,3,1
,,2022-01-30T15:00:00.000Z,1,29.6667,262.9169,0,7
,,2022-01-29T15:00:00.000Z,1,28.6667,238.9169,0,6
,,2022-01-28T15:00:00.000Z,1,27.6667,214.9169,0,5
,,2022-01-27T15:00:00.000Z,1,26.6667,190.9169,4,4
,,2022-01-26T15:00:00.000Z,1,25.6667,166.9169,7,3
,,2022-01-25T15:00:00.000Z,1,24.6667,142.9169,0,2
,,2022-01-24T15:00:00.000Z,1,23.6667,118.9169,0,1
,,2022-01-23T15:00:00.000Z,1,22.6667,94.9169,0,7
,,2022-01-22T15:00:00.000Z,1,21.6667,70.9169,0,6
,,2022-01-21T15:00:00.000Z,1,20.6667,46.9169,0,5
,,2022-01-20T15:00:00.000Z,1,19.6667,22.9169,1,4
22w03a,snapshot,2022-01-19T16:04:59.000Z,0,18.7118,967.6997,17,3
,,2022-01-18T15:00:00.000Z,0,17.6667,942.6167,6,2
,,2022-01-17T15:00:00.000Z,0,16.6667,918.6167,2,1
,,2022-01-16T15:00:00.000Z,0,15.6667,894.6167,0,7
,,2022-01-15T15:00:00.000Z,0,14.6667,870.6167,0,6
,,2022-01-14T15:00:00.000Z,0,13.6667,846.6167,0,5
,,2022-01-13T15:00:00.000Z,0,12.6667,822.6167,1,4
,,2022-01-12T15:00:00.000Z,0,11.6667,798.6167,6,3
,,2022-01-11T15:00:00.000Z,0,10.6667,774.6167,0,2
,,2022-01-10T15:00:00.000Z,0,9.6667,750.6167,0,1
,,2022-01-09T15:00:00.000Z,0,8.6667,726.6167,0,7
,,2022-01-08T15:00:00.000Z,0,7.6667,702.6167,0,6
,,2022-01-07T15:00:00.000Z,0,6.6667,678.6167,0,5
,,2022-01-06T15:00:00.000Z,0,5.6667,654.6167,0,4
,,2022-01-05T15:00:00.000Z,0,4.6667,630.6167,1,3
,,2022-01-04T15:00:00.000Z,0,3.6667,606.6167,0,2
,,2022-01-03T15:00:00.000Z,0,2.6667,582.6167,0,1
,,2022-01-02T15:00:00.000Z,0,1.6667,558.6167,0,7
,,2022-01-01T15:00:00.000Z,0,0.6667,534.6167,0,6
,,2021-12-31T15:00:00.000Z,0,364.6667,510.6167,0,5
,,2021-12-30T15:00:00.000Z,2,363.6667,486.6167,0,4
,,2021-12-29T15:00:00.000Z,2,362.6667,462.6167,0,3
,,2021-12-28T15:00:00.000Z,4,361.6667,438.6167,0,2
,,2021-12-27T15:00:00.000Z,4,360.6667,414.6167,0,1
,,2021-12-26T15:00:00.000Z,4,359.6667,390.6167,0,7
,,2021-12-25T15:00:00.000Z,4,358.6667,366.6167,0,6
,,2021-12-24T15:00:00.000Z,4,357.6667,342.6167,0,5
,,2021-12-23T15:00:00.000Z,5,356.6667,318.6167,0,4
,,2021-12-22T15:00:00.000Z,5,355.6667,294.6167,0,3
,,2021-12-21T15:00:00.000Z,5,354.6667,270.6167,1,2
,,2021-12-20T15:00:00.000Z,6,353.6667,246.6167,3,1
,,2021-12-19T15:00:00.000Z,7,352.6667,222.6167,0,7
,,2021-12-18T15:00:00.000Z,7,351.6667,198.6167,0,6
,,2021-12-17T15:00:00.000Z,8,350.6667,174.6167,0,5
,,2021-12-16T15:00:00.000Z,9,349.6667,150.6167,3,4
,,2021-12-15T15:00:00.000Z,10,348.6667,126.6167,1,3
,,2021-12-14T15:00:00.000Z,12,347.6667,102.6167,2,2
,,2021-12-13T15:00:00.000Z,13,346.6667,78.6167,3,1
,,2021-12-12T15:00:00.000Z,13,345.6667,54.6167,0,7
,,2021-12-11T15:00:00.000Z,13,344.6667,30.6167,1,6
1.18.1,release,2021-12-10T08:23:00.000Z,13,343.3910,4.7728,0,5
1.18.1-rc3,snapshot,2021-12-10T03:36:38.000Z,12,343.1921,39.1172,0,5
,,2021-12-09T15:00:00.000Z,12,342.6667,26.5067,1,4
1.18.1-rc2,snapshot,2021-12-08T12:29:36.000Z,13,341.5622,20.6136,2,3
1.18.1-rc1,snapshot,2021-12-07T15:52:47.000Z,13,340.7033,98.1192,1,2
,,2021-12-06T15:00:00.000Z,13,339.6667,73.2394,1,1
,,2021-12-05T15:00:00.000Z,13,338.6667,49.2394,0,7
,,2021-12-04T15:00:00.000Z,13,337.6667,25.2394,0,6
1.18.1-pre1,snapshot,2021-12-03T13:45:38.000Z,12,336.6150,76.4858,3,5
,,2021-12-02T15:00:00.000Z,13,335.6667,53.7253,0,4
,,2021-12-01T15:00:00.000Z,13,334.6667,29.7253,0,3
1.18,release,2021-11-30T09:16:29.000Z,12,333.4281,19.5464,0,2
1.18-rc4,snapshot,2021-11-29T13:43:42.000Z,11,332.6137,69.8628,1,1
,,2021-11-28T15:00:00.000Z,11,331.6667,47.1344,0,7
,,2021-11-27T15:00:00.000Z,11,330.6667,23.1344,0,6
1.18-rc3,snapshot,2021-11-26T15:51:56.000Z,10,329.7027,5.8311,3,5
1.18-rc2,snapshot,2021-11-26T10:02:04.000Z,9,329.4598,19.5542,3,5
1.18-rc1,snapshot,2021-11-25T14:28:49.000Z,8,328.6450,23.5214,1,4
1.18-pre8,snapshot,2021-11-24T14:57:32.000Z,8,327.6650,22.3308,8,3
1.18-pre7,snapshot,2021-11-23T16:37:41.000Z,7,326.7345,23.4767,7,2
1.18-pre6,snapshot,2021-11-22T17:09:05.000Z,6,325.7563,73.3656,18,1
,,2021-11-21T15:00:00.000Z,6,324.6667,47.2142,0,7
,,2021-11-20T15:00:00.000Z,6,323.6667,23.2142,3,6
1.18-pre5,snapshot,2021-11-19T15:47:09.000Z,5,322.6994,45.6536,13,5
,,2021-11-18T15:00:00.000Z,5,321.6667,20.8678,43,4
1.18-pre4,snapshot,2021-11-17T18:07:56.000Z,4,320.7972,2.0586,25,3
1.18-pre3,snapshot,2021-11-17T16:04:25.000Z,3,320.7114,22.9936,25,3
1.18-pre2,snapshot,2021-11-16T17:04:48.000Z,3,319.7533,120.8450,26,2
,,2021-11-15T15:00:00.000Z,3,318.6667,94.7650,6,1
,,2021-11-14T15:00:00.000Z,3,317.6667,70.7650,1,7
,,2021-11-13T15:00:00.000Z,3,316.6667,46.7650,1,6
,,2021-11-12T15:00:00.000Z,3,315.6667,22.7650,14,5
1.18-pre1,snapshot,2021-11-11T16:14:06.000Z,2,314.7181,191.9922,20,4
,,2021-11-10T15:00:00.000Z,2,313.6667,166.7572,12,3
,,2021-11-09T15:00:00.000Z,3,312.6667,142.7572,9,2
,,2021-11-08T15:00:00.000Z,3,311.6667,118.7572,3,1
,,2021-11-07T15:00:00.000Z,3,310.6667,94.7572,0,7
,,2021-11-06T15:00:00.000Z,3,309.6667,70.7572,0,6
,,2021-11-05T15:00:00.000Z,3,308.6667,46.7572,5,5
,,2021-11-04T15:00:00.000Z,3,307.6667,22.7572,0,4
21w44a,snapshot,2021-11-03T16:14:34.000Z,2,306.7184,169.5942,11,3
,,2021-11-02T15:00:00.000Z,3,305.6667,144.3514,13,2
,,2021-11-01T15:00:00.000Z,3,304.6667,120.3514,0,1
,,2021-10-31T15:00:00.000Z,3,303.6667,96.3514,0,7
,,2021-10-30T15:00:00.000Z,3,302.6667,72.3514,0,6
,,2021-10-29T15:00:00.000Z,3,301.6667,48.3514,1,5
,,2021-10-28T15:00:00.000Z,3,300.6667,24.3514,1,4
21w43a,snapshot,2021-10-27T14:38:55.000Z,3,299.6520,169.9583,5,3
,,2021-10-26T14:00:00.000Z,3,298.6250,145.3097,3,2
,,2021-10-25T14:00:00.000Z,3,297.6250,121.3097,9,1
,,2021-10-24T14:00:00.000Z,3,296.6250,97.3097,0,7
,,2021-10-23T14:00:00.000Z,3,295.6250,73.3097,0,6
,,2021-10-22T14:00:00.000Z,3,294.6250,49.3097,0,5
,,2021-10-21T14:00:00.000Z,3,293.6250,25.3097,5,4
21w42a,snapshot,2021-10-20T12:41:25.000Z,3,292.5704,165.3006,9,3
,,2021-10-19T14:00:00.000Z,3,291.6250,142.6103,1,2
,,2021-10-18T14:00:00.000Z,3,290.6250,118.6103,0,1
,,2021-10-17T14:00:00.000Z,3,289.6250,94.6103,0,7
,,2021-10-16T14:00:00.000Z,3,288.6250,70.6103,3,6
,,2021-10-15T14:00:00.000Z,3,287.6250,46.6103,1,5
,,2021-10-14T14:00:00.000Z,4,286.6250,22.6103,0,4
21w41a,snapshot,2021-10-13T15:23:23.000Z,3,285.6829,148.0925,16,3
,,2021-10-12T14:00:00.000Z,3,284.6250,122.7028,3,2
,,2021-10-11T14:00:00.000Z,3,283.6250,98.7028,0,1
,,2021-10-10T14:00:00.000Z,3,282.6250,74.7028,3,7
,,2021-10-09T14:00:00.000Z,3,281.6250,50.7028,0,6
,,2021-10-08T14:00:00.000Z,3,280.6250,26.7028,11,5
21w40a,snapshot,2021-10-07T11:17:50.000Z,2,279.5124,186.8458,22,4
,,2021-10-06T14:00:00.000Z,3,278.6250,165.5486,5,3
,,2021-10-05T14:00:00.000Z,3,277.6250,141.5486,4,2
,,2021-10-04T14:00:00.000Z,3,276.6250,117.5486,0,1
,,2021-10-03T14:00:00.000Z,3,275.6250,93.5486,1,7
,,2021-10-02T14:00:00.000Z,3,274.6250,69.5486,0,6
,,2021-10-01T14:00:00.000Z,3,273.6250,45.5486,3,5
,,2021-09-30T14:00:00.000Z,3,272.6250,21.5486,1,4
21w39a,snapshot,2021-09-29T16:27:05.000Z,2,271.7271,145.8497,6,3
,,2021-09-28T14:00:00.000Z,2,270.6250,119.3983,7,2
,,2021-09-27T14:00:00.000Z,2,269.6250,95.3983,3,1
,,2021-09-26T14:00:00.000Z,2,268.6250,71.3983,0,7
,,2021-09-25T14:00:00.000Z,2,267.6250,47.3983,0,6
,,2021-09-24T14:00:00.000Z,2,266.6250,23.3983,2,5
21w38a,snapshot,2021-09-23T14:36:06.000Z,1,265.6501,190.5267,4,4
,,2021-09-22T14:00:00.000Z,1,264.6250,165.9250,10,3
,,2021-09-21T14:00:00.000Z,1,263.6250,141.9250,8,2
,,2021-09-20T14:00:00.000Z,1,262.6250,117.9250,0,1
,,2021-09-19T14:00:00.000Z,1,261.6250,93.9250,0,7
,,2021-09-18T14:00:00.000Z,1,260.6250,69.9250,0,6
,,2021-09-17T14:00:00.000Z,1,259.6250,45.9250,1,5
,,2021-09-16T14:00:00.000Z,1,258.6250,21.9250,3,4
21w37a,snapshot,2021-09-15T16:04:30.000Z,0,257.7115,1708.0489,20,3
,,2021-09-14T14:00:00.000Z,0,256.6250,1681.9739,0,2
,,2021-09-13T14:00:00.000Z,0,255.6250,1657.9739,0,1
,,2021-09-12T14:00:00.000Z,0,254.6250,1633.9739,0,7
,,2021-09-11T14:00:00.000Z,0,253.6250,1609.9739,0,6
,,2021-09-10T14:00:00.000Z,0,252.6250,1585.9739,1,5
,,2021-09-09T14:00:00.000Z,0,251.6250,1561.9739,1,4
,,2021-09-08T14:00:00.000Z,0,250.6250,1537.9739,1,3
,,2021-09-07T14:00:00.000Z,0,249.6250,1513.9739,2,2
,,2021-09-06T14:00:00.000Z,0,248.6250,1489.9739,5,1
,,2021-09-05T14:00:00.000Z,0,247.6250,1465.9739,0,7
,,2021-09-04T14:00:00.000Z,0,246.6250,1441.9739,0,6
,,2021-09-03T14:00:00.000Z,0,245.6250,1417.9739,0,5
,,2021-09-02T14:00:00.000Z,0,244.6250,1393.9739,2,4
,,2021-09-01T14:00:00.000Z,0,243.6250,1369.9739,0,3
,,2021-08-31T14:00:00.000Z,0,242.6250,1345.9739,1,2
,,2021-08-30T14:00:00.000Z,0,241.6250,1321.9739,0,1
,,2021-08-29T14:00:00.000Z,0,240.6250,1297.9739,0,7
,,2021-08-28T14:00:00.000Z,0,239.6250,1273.9739,0,6
,,2021-08-27T14:00:00.000Z,0,238.6250,1249.9739,1,5
,,2021-08-26T14:00:00.000Z,0,237.6250,1225.9739,0,4
,,2021-08-25T14:00:00.000Z,0,236.6250,1201.9739,0,3
,,2021-08-24T14:00:00.000Z,0,235.6250,1177.9739,0,2
,,2021-08-23T14:00:00.000Z,0,234.6250,1153.9739,0,1
,,2021-08-22T14:00:00.000Z,0,233.6250,1129.9739,0,7
,,2021-08-21T14:00:00.000Z,0,232.6250,1105.9739,0,6
,,2021-08-20T14:00:00.000Z,0,231.6250,1081.9739,0,5
,,2021-08-19T14:00:00.000Z,0,230.6250,1057.9739,0,4
,,2021-08-18T14:00:00.000Z,0,229.6250,1033.9739,0,3
,,2021-08-17T14:00:00.000Z,0,228.6250,1009.9739,1,2
,,2021-08-16T14:00:00.000Z,0,227.6250,985.9739,1,1
,,2021-08-15T14:00:00.000Z,0,226.6250,961.9739,0,7
,,2021-08-14T14:00:00.000Z,0,225.6250,937.9739,0,6
,,2021-08-13T14:00:00.000Z,0,224.6250,913.9739,1,5
,,2021-08-12T14:00:00.000Z,0,223.6250,889.9739,0,4
,,2021-08-11T14:00:00.000Z,0,222.6250,865.9739,0,3
,,2021-08-10T14:00:00.000Z,0,221.6250,841.9739,0,2
,,2021-08-09T14:00:00.000Z,0,220.6250,817.9739,0,1
,,2021-08-08T14:00:00.000Z,0,219.6250,793.9739,0,7
,,2021-08-07T14:00:00.000Z,0,218.6250,769.9739,0,6
,,2021-08-06T14:00:00.000Z,0,217.6250,745.9739,0,5
,,2021-08-05T14:00:00.000Z,0,216.6250,721.9739,1,4
,,2021-08-04T14:00:00.000Z,0,215.6250,697.9739,0,3
,,2021-08-03T14:00:00.000Z,0,214.6250,673.9739,0,2
,,2021-08-02T14:00:00.000Z,0,213.6250,649.9739,0,1
,,2021-08-01T14:00:00.000Z,0,212.6250,625.9739,1,7
,,2021-07-31T14:00:00.000Z,0,211.6250,601.9739,0,6
,,2021-07-30T14:00:00.000Z,0,210.6250,577.9739,0,5
,,2021-07-29T14:00:00.000Z,0,209.6250,553.9739,1,4
,,2021-07-28T14:00:00.000Z,0,208.6250,529.9739,0,3
,,2021-07-27T14:00:00.000Z,0,207.6250,505.9739,0,2
,,2021-07-26T14:00:00.000Z,1,206.6250,481.9739,0,1
,,2021-07-25T14:00:00.000Z,2,205.6250,457.9739,0,7
,,2021-07-24T14:00:00.000Z,2,204.6250,433.9739,0,6
,,2021-07-23T14:00:00.000Z,2,203.6250,409.9739,0,5
,,2021-07-22T14:00:00.000Z,3,202.6250,385.9739,0,4
,,2021-07-21T14:00:00.000Z,4,201.6250,361.9739,0,3
,,2021-07-20T14:00:00.000Z,5,200.6250,337.9739,0,2
,,2021-07-19T14:00:00.000Z,5,199.6250,313.9739,0,1
,,2021-07-18T14:00:00.000Z,5,198.6250,289.9739,0,7
,,2021-07-17T14:00:00.000Z,5,197.6250,265.9739,0,6
,,2021-07-16T14:00:00.000Z,5,196.6250,241.9739,1,5
,,2021-07-15T14:00:00.000Z,5,195.6250,217.9739,0,4
,,2021-07-14T14:00:00.000Z,5,194.6250,193.9739,1,3
,,2021-07-13T14:00:00.000Z,5,193.6250,169.9739,4,2
,,2021-07-12T14:00:00.000Z,5,192.6250,145.9739,0,1
,,2021-07-11T14:00:00.000Z,5,191.6250,121.9739,0,7
,,2021-07-10T14:00:00.000Z,5,190.6250,97.9739,0,6
,,2021-07-09T14:00:00.000Z,5,189.6250,73.9739,0,5
,,2021-07-08T14:00:00.000Z,6,188.6250,49.9739,0,4
,,2021-07-07T14:00:00.000Z,6,187.6250,25.9739,0,3
1.17.1,release,2021-07-06T12:01:34.000Z,5,186.5428,23.0592,0,2
1.17.1-rc2,snapshot,2021-07-05T12:58:01.000Z,4,185.5820,93.5733,0,1
,,2021-07-04T14:00:00.000Z,4,184.6250,70.6064,0,7
,,2021-07-03T14:00:00.000Z,4,183.6250,46.6064,0,6
,,2021-07-02T14:00:00.000Z,4,182.6250,22.6064,1,5
1.17.1-rc1,snapshot,2021-07-01T15:23:37.000Z,3,181.6831,23.6725,1,4
1.17.1-pre3,snapshot,2021-06-30T15:43:16.000Z,2,180.6967,24.4844,9,3
1.17.1-pre2,snapshot,2021-06-29T15:14:12.000Z,1,179.6765,266.8256,7,2
,,2021-06-28T14:00:00.000Z,2,178.6250,241.5889,1,1
,,2021-06-27T14:00:00.000Z,3,177.6250,217.5889,0,7
,,2021-06-26T14:00:00.000Z,3,176.6250,193.5889,1,6
,,2021-06-25T14:00:00.000Z,3,175.6250,169.5889,2,5
,,2021-06-24T14:00:00.000Z,5,174.6250,145.5889,0,4
,,2021-06-23T14:00:00.000Z,6,173.6250,121.5889,0,3
,,2021-06-22T14:00:00.000Z,7,172.6250,97.5889,0,2
,,2021-06-21T14:00:00.000Z,8,171.6250,73.5889,0,1
,,2021-06-20T14:00:00.000Z,8,170.6250,49.5889,0,7
,,2021-06-19T14:00:00.000Z,8,169.6250,25.5889,0,6
1.17.1-pre1,snapshot,2021-06-18T12:24:40.000Z,7,168.5588,241.4000,5,5
,,2021-06-17T14:00:00.000Z,7,167.6250,218.9889,3,4
,,2021-06-16T14:00:00.000Z,8,166.6250,194.9889,0,3
,,2021-06-15T14:00:00.000Z,8,165.6250,170.9889,2,2
,,2021-06-14T14:00:00.000Z,8,164.6250,146.9889,4,1
,,2021-06-13T14:00:00.000Z,8,163.6250,122.9889,0,7
,,2021-06-12T14:00:00.000Z,8,162.6250,98.9889,0,6
,,2021-06-11T14:00:00.000Z,8,161.6250,74.9889,2,5
,,2021-06-10T14:00:00.000Z,8,160.6250,50.9889,4,4
,,2021-06-09T14:00:00.000Z,9,159.6250,26.9889,7,3
1.17,release,2021-06-08T11:00:40.000Z,8,158.5005,23.2367,0,2
1.17-rc2,snapshot,2021-06-07T11:46:28.000Z,7,157.5323,70.3611,0,1
,,2021-06-06T14:00:00.000Z,7,156.6250,48.5867,5,7
,,2021-06-05T14:00:00.000Z,7,155.6250,24.5867,0,6
1.17-rc1,snapshot,2021-06-04T13:24:48.000Z,6,154.6006,20.3889,2,5
1.17-pre5,snapshot,2021-06-03T17:01:28.000Z,5,153.7510,24.7625,6,4
1.17-pre4,snapshot,2021-06-02T16:15:43.000Z,4,152.7192,24.5325,15,3
1.17-pre3,snapshot,2021-06-01T15:43:46.000Z,4,151.6971,23.8281,17,2
1.17-pre2,snapshot,2021-05-31T15:54:05.000Z,3,150.7042,102.2456,17,1
,,2021-05-30T14:00:00.000Z,3,149.6250,76.3442,2,7
,,2021-05-29T14:00:00.000Z,3,148.6250,52.3442,0,6
,,2021-05-28T14:00:00.000Z,3,147.6250,28.3442,1,5
1.17-pre1,snapshot,2021-05-27T09:39:21.000Z,2,146.4440,186.2886,13,4
,,2021-05-26T14:00:00.000Z,3,145.6250,166.6328,23,3
,,2021-05-25T14:00:00.000Z,3,144.6250,142.6328,15,2
,,2021-05-24T14:00:00.000Z,3,143.6250,118.6328,7,1
,,2021-05-23T14:00:00.000Z,3,142.6250,94.6328,0,7
,,2021-05-22T14:00:00.000Z,3,141.6250,70.6328,0,6
,,2021-05-21T14:00:00.000Z,3,140.6250,46.6328,5,5
,,2021-05-20T14:00:00.000Z,3,139.6250,22.6328,5,4
21w20a,snapshot,2021-05-19T15:22:02.000Z,2,138.6820,172.0464,19,3
,,2021-05-18T14:00:00.000Z,3,137.6250,146.6792,18,2
,,2021-05-17T14:00:00.000Z,3,136.6250,122.6792,32,1
,,2021-05-16T14:00:00.000Z,3,135.6250,98.6792,1,7
,,2021-05-15T14:00:00.000Z,3,134.6250,74.6792,0,6
,,2021-05-14T14:00:00.000Z,3,133.6250,50.6792,0,5
,,2021-05-13T14:00:00.000Z,3,132.6250,26.6792,0,4
21w19a,snapshot,2021-05-12T11:19:15.000Z,3,131.5134,163.9111,8,3
,,2021-05-11T14:00:00.000Z,3,130.6250,142.5903,20,2
,,2021-05-10T14:00:00.000Z,3,129.6250,118.5903,1,1
,,2021-05-09T14:00:00.000Z,3,128.6250,94.5903,0,7
,,2021-05-08T14:00:00.000Z,3,127.6250,70.5903,0,6
,,2021-05-07T14:00:00.000Z,3,126.6250,46.5903,7,5
,,2021-05-06T14:00:00.000Z,3,125.6250,22.5903,7,4
21w18a,snapshot,2021-05-05T15:24:35.000Z,2,124.6837,169.5083,41,3
,,2021-05-04T14:00:00.000Z,3,123.6250,144.0986,1,2
,,2021-05-03T14:00:00.000Z,3,122.6250,120.0986,0,1
,,2021-05-02T14:00:00.000Z,3,121.6250,96.0986,1,7
,,2021-05-01T14:00:00.000Z,3,120.6250,72.0986,0,6
,,2021-04-30T14:00:00.000Z,3,119.6250,48.0986,0,5
,,2021-04-29T14:00:00.000Z,3,118.6250,24.0986,0,4
21w17a,snapshot,2021-04-28T13:54:05.000Z,3,117.6209,165.2142,12,3
,,2021-04-27T14:00:00.000Z,3,116.6250,141.3128,4,2
,,2021-04-26T14:00:00.000Z,3,115.6250,117.3128,1,1
,,2021-04-25T14:00:00.000Z,3,114.6250,93.3128,1,7
,,2021-04-24T14:00:00.000Z,3,113.6250,69.3128,0,6
,,2021-04-23T14:00:00.000Z,3,112.6250,45.3128,2,5
,,2021-04-22T14:00:00.000Z,3,111.6250,21.3128,3,4
21w16a,snapshot,2021-04-21T16:41:14.000Z,2,110.7370,170.9944,32,3
,,2021-04-20T14:00:00.000Z,3,109.6250,144.3072,15,2
,,2021-04-19T14:00:00.000Z,3,108.6250,120.3072,4,1
,,2021-04-18T14:00:00.000Z,3,107.6250,96.3072,0,7
,,2021-04-17T14:00:00.000Z,3,106.6250,72.3072,2,6
,,2021-04-16T14:00:00.000Z,3,105.6250,48.3072,9,5
,,2021-04-15T14:00:00.000Z,3,104.6250,24.3072,10,4
21w15a,snapshot,2021-04-14T13:41:34.000Z,2,103.6122,167.6236,13,3
,,2021-04-13T14:00:00.000Z,2,102.6250,143.9308,6,2
,,2021-04-12T14:00:00.000Z,2,101.6250,119.9308,2,1
,,2021-04-11T14:00:00.000Z,2,100.6250,95.9308,1,7
,,2021-04-10T14:00:00.000Z,2,99.6250,71.9308,0,6
,,2021-04-09T14:00:00.000Z,2,98.6250,47.9308,3,5
,,2021-04-08T14:00:00.000Z,2,97.6250,23.9308,2,4
21w14a,snapshot,2021-04-07T14:04:09.000Z,2,96.6279,165.7731,7,3
,,2021-04-06T14:00:00.000Z,2,95.6250,141.7039,9,2
,,2021-04-05T14:00:00.000Z,2,94.6250,117.7039,0,1
,,2021-04-04T14:00:00.000Z,2,93.6250,93.7039,1,7
,,2021-04-03T14:00:00.000Z,2,92.6250,69.7039,2,6
,,2021-04-02T14:00:00.000Z,2,91.6250,45.7039,6,5
,,2021-04-01T14:00:00.000Z,2,90.6250,21.7039,0,4
21w13a,snapshot,2021-03-31T16:17:46.000Z,1,89.7207,337.1989,16,3
,,2021-03-30T14:00:00.000Z,2,88.6250,310.9028,3,2
,,2021-03-29T14:00:00.000Z,2,87.6250,286.9028,22,1
,,2021-03-28T14:00:00.000Z,2,86.6250,262.9028,0,7
,,2021-03-27T14:00:00.000Z,2,85.6250,238.9028,1,6
,,2021-03-26T14:00:00.000Z,2,84.6250,214.9028,0,5
,,2021-03-25T14:00:00.000Z,2,83.6250,190.9028,1,4
,,2021-03-24T14:00:00.000Z,2,82.6250,166.9028,53,3
,,2021-03-23T14:00:00.000Z,2,81.6250,142.9028,16,2
,,2021-03-22T14:00:00.000Z,2,80.6250,118.9028,5,1
,,2021-03-21T14:00:00.000Z,2,79.6250,94.9028,1,7
,,2021-03-20T14:00:00.000Z,2,78.6250,70.9028,3,6
,,2021-03-19T14:00:00.000Z,2,77.6250,46.9028,3,5
,,2021-03-18T14:00:00.000Z,2,76.6250,22.9028,5,4
21w11a,snapshot,2021-03-17T15:05:50.000Z,2,75.6707,167.6867,58,3
,,2021-03-16T15:00:00.000Z,3,74.6667,143.5894,15,2
,,2021-03-15T15:00:00.000Z,3,73.6667,119.5894,35,1
,,2021-03-14T15:00:00.000Z,3,72.6667,95.5894,0,7
,,2021-03-13T15:00:00.000Z,3,71.6667,71.5894,2,6
,,2021-03-12T15:00:00.000Z,3,70.6667,47.5894,4,5
,,2021-03-11T15:00:00.000Z,3,69.6667,23.5894,6,4
21w10a,snapshot,2021-03-10T15:24:38.000Z,3,68.6838,315.6344,10,3
,,2021-03-09T15:00:00.000Z,3,67.6667,291.2239,0,2
,,2021-03-08T15:00:00.000Z,3,66.6667,267.2239,7,1
,,2021-03-07T15:00:00.000Z,3,65.6667,243.2239,0,7
,,2021-03-06T15:00:00.000Z,3,64.6667,219.2239,0,6
,,2021-03-05T15:00:00.000Z,3,63.6667,195.2239,0,5
,,2021-03-04T15:00:00.000Z,3,62.6667,171.2239,2,4
,,2021-03-03T15:00:00.000Z,4,61.6667,147.2239,0,3
,,2021-03-02T15:00:00.000Z,4,60.6667,123.2239,4,2
,,2021-03-01T15:00:00.000Z,4,59.6667,99.2239,1,1
,,2021-02-28T15:00:00.000Z,4,58.6667,75.2239,0,7
,,2021-02-27T15:00:00.000Z,4,57.6667,51.2239,0,6
,,2021-02-26T15:00:00.000Z,4,56.6667,27.2239,8,5
21w08b,snapshot,2021-02-25T11:46:34.000Z,4,55.5323,21.1286,7,4
21w08a,snapshot,2021-02-24T14:38:51.000Z,4,54.6520,166.0531,3,3
,,2021-02-23T15:00:00.000Z,4,53.6667,142.4056,1,2
,,2021-02-22T15:00:00.000Z,4,52.6667,118.4056,2,1
,,2021-02-21T15:00:00.000Z,4,51.6667,94.4056,0,7
,,2021-02-20T15:00:00.000Z,4,50.6667,70.4056,1,6
,,2021-02-19T15:00:00.000Z,4,49.6667,46.4056,0,5
,,2021-02-18T15:00:00.000Z,4,48.6667,22.4056,2,4
21w07a,snapshot,2021-02-17T16:35:40.000Z,3,47.7331,167.3628,5,3
,,2021-02-16T15:00:00.000Z,3,46.6667,141.7683,7,2
,,2021-02-15T15:00:00.000Z,3,45.6667,117.7683,2,1
,,2021-02-14T15:00:00.000Z,3,44.6667,93.7683,0,7
,,2021-02-13T15:00:00.000Z,3,43.6667,69.7683,1,6
,,2021-02-12T15:00:00.000Z,3,42.6667,45.7683,1,5
,,2021-02-11T15:00:00.000Z,3,41.6667,21.7683,0,4
21w06a,snapshot,2021-02-10T17:13:54.000Z,2,40.7597,146.0736,3,3
,,2021-02-09T15:00:00.000Z,3,39.6667,119.8419,0,2
,,2021-02-08T15:00:00.000Z,3,38.6667,95.8419,0,1
,,2021-02-07T15:00:00.000Z,3,37.6667,71.8419,0,7
,,2021-02-06T15:00:00.000Z,3,36.6667,47.8419,0,6
,,2021-02-05T15:00:00.000Z,3,35.6667,23.8419,5,5
21w05b,snapshot,2021-02-04T15:09:29.000Z,3,34.6733,23.2097,9,4
21w05a,snapshot,2021-02-03T15:56:54.000Z,3,33.7062,337.0069,16,3
,,2021-02-02T15:00:00.000Z,3,32.6667,312.0586,5,2
,,2021-02-01T15:00:00.000Z,3,31.6667,288.0586,40,1
,,2021-01-31T15:00:00.000Z,3,30.6667,264.0586,0,7
,,2021-01-30T15:00:00.000Z,3,29.6667,240.0586,1,6
,,2021-01-29T15:00:00.000Z,3,28.6667,216.0586,2,5
,,2021-01-28T15:00:00.000Z,3,27.6667,192.0586,9,4
,,2021-01-27T15:00:00.000Z,3,26.6667,168.0586,10,3
,,2021-01-26T15:00:00.000Z,3,25.6667,144.0586,1,2
,,2021-01-25T15:00:00.000Z,3,24.6667,120.0586,2,1
,,2021-01-24T15:00:00.000Z,3,23.6667,96.0586,0,7
,,2021-01-23T15:00:00.000Z,3,22.6667,72.0586,0,6
,,2021-01-22T15:00:00.000Z,3,21.6667,48.0586,2,5
,,2021-01-21T15:00:00.000Z,3,20.6667,24.0586,6,4
21w03a,snapshot,2021-01-20T14:56:29.000Z,2,19.6642,142.8492,4,3
,,2021-01-19T15:00:00.000Z,2,18.6667,118.9078,1,2
,,2021-01-18T15:00:00.000Z,2,17.6667,94.9078,14,1
,,2021-01-17T15:00:00.000Z,2,16.6667,70.9078,0,7
,,2021-01-16T15:00:00.000Z,2,15.6667,46.9078,0,6
,,2021-01-15T15:00:00.000Z,2,14.6667,22.9078,0,5
1.16.5,release,2021-01-14T16:05:32.000Z,1,13.7122,24.1103,3,4
1.16.5-rc1,snapshot,2021-01-13T15:58:55.000Z,0,12.7076,671.5161,1,3
,,2021-01-12T15:00:00.000Z,0,11.6667,646.5342,5,2
,,2021-01-11T15:00:00.000Z,0,10.6667,622.5342,11,1
,,2021-01-10T15:00:00.000Z,0,9.6667,598.5342,0,7
,,2021-01-09T15:00:00.000Z,0,8.6667,574.5342,0,6
,,2021-01-08T15:00:00.000Z,0,7.6667,550.5342,0,5
,,2021-01-07T15:00:00.000Z,0,6.6667,526.5342,0,4
,,2021-01-06T15:00:00.000Z,1,5.6667,502.5342,0,3
,,2021-01-05T15:00:00.000Z,1,4.6667,478.5342,0,2
,,2021-01-04T15:00:00.000Z,1,3.6667,454.5342,0,1
,,2021-01-03T15:00:00.000Z,1,2.6667,430.5342,1,7
,,2021-01-02T15:00:00.000Z,1,1.6667,406.5342,0,6
,,2021-01-01T15:00:00.000Z,1,0.6667,382.5342,0,5
,,2020-12-31T15:00:00.000Z,1,364.6676,358.5342,0,4
,,2020-12-30T15:00:00.000Z,1,363.6703,334.5342,0,3
,,2020-12-29T15:00:00.000Z,1,362.6730,310.5342,0,2
,,2020-12-28T15:00:00.000Z,1,361.6758,286.5342,1,1
,,2020-12-27T15:00:00.000Z,1,360.6785,262.5342,0,7
,,2020-12-26T15:00:00.000Z,1,359.6812,238.5342,0,6
,,2020-12-25T15:00:00.000Z,1,358.6840,214.5342,0,5
,,2020-12-24T15:00:00.000Z,1,357.6867,190.5342,0,4
,,2020-12-23T15:00:00.000Z,2,356.6894,166.5342,0,3
,,2020-12-22T15:00:00.000Z,2,355.6922,142.5342,0,2
,,2020-12-21T15:00:00.000Z,2,354.6949,118.5342,0,1
,,2020-12-20T15:00:00.000Z,2,353.6976,94.5342,0,7
,,2020-12-19T15:00:00.000Z,2,352.7004,70.5342,0,6
,,2020-12-18T15:00:00.000Z,2,351.7031,46.5342,1,5
,,2020-12-17T15:00:00.000Z,2,350.7058,22.5342,2,4
20w51a,snapshot,2020-12-16T16:27:57.000Z,1,349.7695,335.6769,11,3
,,2020-12-15T15:00:00.000Z,2,348.7113,310.2111,1,2
,,2020-12-14T15:00:00.000Z,2,347.7140,286.2111,2,1
,,2020-12-13T15:00:00.000Z,2,346.7168,262.2111,0,7
,,2020-12-12T15:00:00.000Z,2,345.7195,238.2111,1,6
,,2020-12-11T15:00:00.000Z,2,344.7222,214.2111,0,5
,,2020-12-10T15:00:00.000Z,2,343.7250,190.2111,0,4
,,2020-12-09T15:00:00.000Z,2,342.7277,166.2111,0,3
,,2020-12-08T15:00:00.000Z,2,341.7304,142.2111,0,2
,,2020-12-07T15:00:00.000Z,2,340.7332,118.2111,0,1
,,2020-12-06T15:00:00.000Z,2,339.7359,94.2111,0,7
,,2020-12-05T15:00:00.000Z,2,338.7386,70.2111,0,6
,,2020-12-04T15:00:00.000Z,2,337.7413,46.2111,4,5
,,2020-12-03T15:00:00.000Z,2,336.7441,22.2111,0,4
20w49a,snapshot,2020-12-02T16:47:20.000Z,1,335.8211,169.0822,17,3
,,2020-12-01T15:00:00.000Z,2,334.7495,143.2933,0,2
,,2020-11-30T15:00:00.000Z,2,333.7523,119.2933,5,1
,,2020-11-29T15:00:00.000Z,2,332.7550,95.2933,0,7
,,2020-11-28T15:00:00.000Z,2,331.7577,71.2933,1,6
,,2020-11-27T15:00:00.000Z,2,330.7605,47.2933,1,5
,,2020-11-26T15:00:00.000Z,2,329.7632,23.2933,4,4
20w48a,snapshot,2020-11-25T15:42:24.000Z,2,328.7953,336.1978,6,3
,,2020-11-24T15:00:00.000Z,2,327.7687,311.4911,12,2
,,2020-11-23T15:00:00.000Z,2,326.7714,287.4911,7,1
,,2020-11-22T15:00:00.000Z,2,325.7741,263.4911,0,7
,,2020-11-21T15:00:00.000Z,2,324.7769,239.4911,0,6
,,2020-11-20T15:00:00.000Z,2,323.7796,215.4911,0,5
,,2020-11-19T15:00:00.000Z,3,322.7823,191.4911,2,4
,,2020-11-18T15:00:00.000Z,3,321.7851,167.4911,0,3
,,2020-11-17T15:00:00.000Z,4,320.7878,143.4911,2,2
,,2020-11-16T15:00:00.000Z,4,319.7905,119.4911,4,1
,,2020-11-15T15:00:00.000Z,4,318.7933,95.4911,2,7
,,2020-11-14T15:00:00.000Z,4,317.7960,71.4911,0,6
,,2020-11-13T15:00:00.000Z,4,316.7987,47.4911,0,5
,,2020-11-12T15:00:00.000Z,5,315.8015,23.4911,2,4
20w46a,snapshot,2020-11-11T15:30:32.000Z,4,314.8253,166.8089,17,3
,,2020-11-10T15:00:00.000Z,4,313.8069,142.3000,7,2
,,2020-11-09T15:00:00.000Z,4,312.8097,118.3000,8,1
,,2020-11-08T15:00:00.000Z,4,311.8124,94.3000,0,7
,,2020-11-07T15:00:00.000Z,4,310.8151,70.3000,0,6
,,2020-11-06T15:00:00.000Z,4,309.8179,46.3000,1,5
,,2020-11-05T15:00:00.000Z,4,308.8206,22.3000,3,4
20w45a,snapshot,2020-11-04T16:42:00.000Z,3,307.8940,144.8731,0,3
,,2020-11-03T15:00:00.000Z,3,306.8260,119.1731,10,2
,,2020-11-02T15:00:00.000Z,4,305.8288,95.1731,0,1
,,2020-11-01T15:00:00.000Z,4,304.8315,71.1731,0,7
,,2020-10-31T15:00:00.000Z,4,303.8342,47.1731,0,6
,,2020-10-30T15:00:00.000Z,4,302.8370,23.1731,0,5
1.16.4,release,2020-10-29T15:49:37.000Z,3,301.8741,47.3081,0,4
,,2020-10-28T15:00:00.000Z,3,300.8424,22.4811,0,3
1.16.4-rc1,snapshot,2020-10-27T16:31:08.000Z,2,299.9083,120.9808,1,2
,,2020-10-26T15:00:00.000Z,2,298.8479,95.4619,8,1
,,2020-10-25T15:00:00.000Z,2,297.8506,71.4619,0,7
,,2020-10-24T15:00:00.000Z,2,296.8534,47.4619,0,6
,,2020-10-23T15:00:00.000Z,2,295.8561,23.4619,3,5
1.16.4-pre2,snapshot,2020-10-22T15:32:17.000Z,1,294.8812,216.9361,10,4
,,2020-10-21T14:00:00.000Z,1,293.8200,191.3981,1,3
,,2020-10-20T14:00:00.000Z,1,292.8227,167.3981,0,2
,,2020-10-19T14:00:00.000Z,1,291.8255,143.3981,4,1
,,2020-10-18T14:00:00.000Z,1,290.8282,119.3981,0,7
,,2020-10-17T14:00:00.000Z,1,289.8309,95.3981,1,6
,,2020-10-16T14:00:00.000Z,1,288.8337,71.3981,0,5
,,2020-10-15T14:00:00.000Z,1,287.8364,47.3981,0,4
,,2020-10-14T14:00:00.000Z,1,286.8391,23.3981,0,3
1.16.4-pre1,snapshot,2020-10-13T14:36:07.000Z,0,285.8669,792.8917,1,2
,,2020-10-12T14:00:00.000Z,0,284.8446,768.2897,1,1
,,2020-10-11T14:00:00.000Z,0,283.8473,744.2897,0,7
,,2020-10-10T14:00:00.000Z,0,282.8501,720.2897,0,6
,,2020-10-09T14:00:00.000Z,0,281.8528,696.2897,0,5
,,2020-10-08T14:00:00.000Z,0,280.8555,672.2897,1,4
,,2020-10-07T14:00:00.000Z,0,279.8583,648.2897,1,3
,,2020-10-06T14:00:00.000Z,0,278.8610,624.2897,1,2
,,2020-10-05T14:00:00.000Z,0,277.8637,600.2897,0,1
,,2020-10-04T14:00:00.000Z,0,276.8665,576.2897,0,7
,,2020-10-03T14:00:00.000Z,0,275.8692,552.2897,0,6
,,2020-10-02T14:00:00.000Z,0,274.8719,528.2897,2,5
,,2020-10-01T14:00:00.000Z,0,273.8747,504.2897,1,4
,,2020-09-30T14:00:00.000Z,1,272.8774,480.2897,0,3
,,2020-09-29T14:00:00.000Z,1,271.8801,456.2897,1,2
,,2020-09-28T14:00:00.000Z,1,270.8829,432.2897,0,1
,,2020-09-27T14:00:00.000Z,2,269.8856,408.2897,0,7
,,2020-09-26T14:00:00.000Z,2,268.8883,384.2897,0,6
,,2020-09-25T14:00:00.000Z,2,267.8911,360.2897,0,5
,,2020-09-24T14:00:00.000Z,2,266.8938,336.2897,0,4
,,2020-09-23T14:00:00.000Z,2,265.8965,312.2897,1,3
,,2020-09-22T14:00:00.000Z,2,264.8992,288.2897,0,2
,,2020-09-21T14:00:00.000Z,2,263.9020,264.2897,0,1
,,2020-09-20T14:00:00.000Z,2,262.9047,240.2897,0,7
,,2020-09-19T14:00:00.000Z,2,261.9074,216.2897,0,6
,,2020-09-18T14:00:00.000Z,2,260.9102,192.2897,0,5
,,2020-09-17T14:00:00.000Z,2,259.9129,168.2897,0,4
,,2020-09-16T14:00:00.000Z,2,258.9156,144.2897,0,3
,,2020-09-15T14:00:00.000Z,2,257.9184,120.2897,4,2
,,2020-09-14T14:00:00.000Z,2,256.9211,96.2897,1,1
,,2020-09-13T14:00:00.000Z,2,255.9238,72.2897,0,7
,,2020-09-12T14:00:00.000Z,2,254.9266,48.2897,0,6
,,2020-09-11T14:00:00.000Z,2,253.9293,24.2897,0,5
1.16.3,release,2020-09-10T13:42:37.000Z,1,252.9200,73.1419,0,4
,,2020-09-09T14:00:00.000Z,1,251.9348,49.4317,0,3
,,2020-09-08T14:00:00.000Z,1,250.9375,25.4317,0,2
1.16.3-rc1,snapshot,2020-09-07T12:34:06.000Z,0,249.8807,650.3389,0,1
,,2020-09-06T14:00:00.000Z,0,248.9430,627.7706,1,7
,,2020-09-05T14:00:00.000Z,0,247.9457,603.7706,0,6
,,2020-09-04T14:00:00.000Z,0,246.9484,579.7706,0,5
,,2020-09-03T14:00:00.000Z,0,245.9512,555.7706,0,4
,,2020-09-02T14:00:00.000Z,0,244.9539,531.7706,0,3
,,2020-09-01T14:00:00.000Z,0,243.9566,507.7706,6,2
,,2020-08-31T14:00:00.000Z,1,242.9594,483.7706,0,1
,,2020-08-30T14:00:00.000Z,2,241.9621,459.7706,0,7
,,2020-08-29T14:00:00.000Z,2,240.9648,435.7706,0,6
,,2020-08-28T14:00:00.000Z,3,239.9676,411.7706,0,5
,,2020-08-27T14:00:00.000Z,4,238.9703,387.7706,0,4
,,2020-08-26T14:00:00.000Z,5,237.9730,363.7706,0,3
,,2020-08-25T14:00:00.000Z,5,236.9758,339.7706,1,2
,,2020-08-24T14:00:00.000Z,5,235.9785,315.7706,0,1
,,2020-08-23T14:00:00.000Z,5,234.9812,291.7706,0,7
,,2020-08-22T14:00:00.000Z,5,233.9839,267.7706,0,6
,,2020-08-21T14:00:00.000Z,5,232.9867,243.7706,1,5
,,2020-08-20T14:00:00.000Z,5,231.9894,219.7706,0,4
,,2020-08-19T14:00:00.000Z,5,230.9921,195.7706,0,3
,,2020-08-18T14:00:00.000Z,6,229.9949,171.7706,0,2
,,2020-08-17T14:00:00.000Z,6,228.9976,147.7706,3,1
,,2020-08-16T14:00:00.000Z,6,228.0003,123.7706,0,7
,,2020-08-15T14:00:00.000Z,6,227.0031,99.7706,0,6
,,2020-08-14T14:00:00.000Z,6,226.0058,75.7706,0,5
,,2020-08-13T14:00:00.000Z,6,225.0085,51.7706,0,4
,,2020-08-12T14:00:00.000Z,7,224.0113,27.7706,2,3
1.16.2,release,2020-08-11T10:13:46.000Z,6,222.8573,22.5028,0,2
1.16.2-rc2,snapshot,2020-08-10T11:43:36.000Z,5,221.9223,69.1325,4,1
,,2020-08-09T14:00:00.000Z,5,221.0195,47.4058,1,7
,,2020-08-08T14:00:00.000Z,5,220.0222,23.4058,2,6
1.16.2-rc1,snapshot,2020-08-07T14:35:39.000Z,4,219.0496,21.8464,11,5
1.16.2-pre3,snapshot,2020-08-06T16:44:52.000Z,3,218.1418,25.2339,10,4
1.16.2-pre2,snapshot,2020-08-05T15:30:50.000Z,2,217.0933,170.1958,17,3
,,2020-08-04T14:00:00.000Z,3,216.0331,144.6819,7,2
,,2020-08-03T14:00:00.000Z,3,215.0359,120.6819,7,1
,,2020-08-02T14:00:00.000Z,3,214.0386,96.6819,0,7
,,2020-08-01T14:00:00.000Z,3,213.0413,72.6819,0,6
,,2020-07-31T14:00:00.000Z,3,212.0441,48.6819,0,5
,,2020-07-30T14:00:00.000Z,3,211.0468,24.6819,2,4
1.16.2-pre1,snapshot,2020-07-29T13:19:05.000Z,3,210.0212,166.2306,12,3
,,2020-07-28T14:00:00.000Z,3,209.0523,142.9125,15,2
,,2020-07-27T14:00:00.000Z,3,208.0550,118.9125,0,1
,,2020-07-26T14:00:00.000Z,3,207.0577,94.9125,0,7
,,2020-07-25T14:00:00.000Z,3,206.0605,70.9125,2,6
,,2020-07-24T14:00:00.000Z,3,205.0632,46.9125,0,5
,,2020-07-23T14:00:00.000Z,3,204.0659,22.9125,0,4
20w30a,snapshot,2020-07-22T15:05:15.000Z,3,203.1138,168.8578,4,3
,,2020-07-21T14:00:00.000Z,3,202.0714,143.7703,4,2
,,2020-07-20T14:00:00.000Z,3,201.0741,119.7703,19,1
,,2020-07-19T14:00:00.000Z,3,200.0768,95.7703,0,7
,,2020-07-18T14:00:00.000Z,3,199.0796,71.7703,0,6
,,2020-07-17T14:00:00.000Z,3,198.0823,47.7703,0,5
,,2020-07-16T14:00:00.000Z,3,197.0850,23.7703,1,4
20w29a,snapshot,2020-07-15T14:13:47.000Z,2,196.0973,167.0519,8,3
,,2020-07-14T14:00:00.000Z,4,195.0905,142.8222,12,2
,,2020-07-13T14:00:00.000Z,4,194.0932,118.8222,0,1
,,2020-07-12T14:00:00.000Z,4,193.0960,94.8222,1,7
,,2020-07-11T14:00:00.000Z,4,192.0987,70.8222,1,6
,,2020-07-10T14:00:00.000Z,4,191.1014,46.8222,0,5
,,2020-07-09T14:00:00.000Z,4,190.1042,22.8222,0,4
20w28a,snapshot,2020-07-08T15:10:40.000Z,4,189.1558,168.0514,14,3
,,2020-07-07T14:00:00.000Z,6,188.1096,142.8736,9,2
,,2020-07-06T14:00:00.000Z,7,187.1124,118.8736,3,1
,,2020-07-05T14:00:00.000Z,7,186.1151,94.8736,0,7
,,2020-07-04T14:00:00.000Z,7,185.1178,70.8736,0,6
,,2020-07-03T14:00:00.000Z,8,184.1206,46.8736,8,5
,,2020-07-02T14:00:00.000Z,9,183.1233,22.8736,13,4
20w27a,snapshot,2020-07-01T15:07:35.000Z,8,182.1728,172.5986,7,3
,,2020-06-30T14:00:00.000Z,9,181.1288,147.4722,12,2
,,2020-06-29T14:00:00.000Z,9,180.1315,123.4722,5,1
,,2020-06-28T14:00:00.000Z,9,179.1342,99.4722,0,7
,,2020-06-27T14:00:00.000Z,9,178.1370,75.4722,0,6
,,2020-06-26T14:00:00.000Z,9,177.1397,51.4722,1,5
,,2020-06-25T14:00:00.000Z,11,176.1424,27.4722,0,4
1.16.1,release,2020-06-24T10:31:40.000Z,10,175.0009,18.1800,2,3
1.16,release,2020-06-23T16:20:52.000Z,9,174.2454,123.5233,3,2
,,2020-06-22T14:00:00.000Z,9,173.1506,97.1756,1,1
,,2020-06-21T14:00:00.000Z,9,172.1533,73.1756,6,7
,,2020-06-20T14:00:00.000Z,9,171.1561,49.1756,4,6
,,2020-06-19T14:00:00.000Z,9,170.1588,25.1756,1,5
1.16-rc1,snapshot,2020-06-18T12:49:28.000Z,9,169.1127,22.0681,12,4
1.16-pre8,snapshot,2020-06-17T14:45:23.000Z,8,168.1957,23.2300,25,3
1.16-pre7,snapshot,2020-06-16T15:31:35.000Z,7,167.2304,22.5606,26,2
1.16-pre6,snapshot,2020-06-15T16:57:57.000Z,6,166.2930,74.3994,41,1
,,2020-06-14T14:00:00.000Z,6,165.1725,47.4336,4,7
,,2020-06-13T14:00:00.000Z,6,164.1752,23.4336,0,6
1.16-pre5,snapshot,2020-06-12T14:33:59.000Z,5,163.2015,22.8011,35,5
1.16-pre4,snapshot,2020-06-11T15:45:55.000Z,4,162.2540,24.8033,24,4
1.16-pre3,snapshot,2020-06-10T14:57:43.000Z,3,161.2234,124.1622,58,3
,,2020-06-09T14:00:00.000Z,4,160.1861,99.2003,41,2
,,2020-06-08T14:00:00.000Z,4,159.1889,75.2003,27,1
,,2020-06-07T14:00:00.000Z,4,158.1916,51.2003,7,7
,,2020-06-06T14:00:00.000Z,4,157.1943,27.2003,4,6
1.16-pre2,snapshot,2020-06-05T10:47:59.000Z,3,156.0641,16.5022,16,5
1.16-pre1,snapshot,2020-06-04T18:17:51.000Z,2,155.3784,150.8803,39,4
,,2020-06-03T14:00:00.000Z,4,154.2025,122.5828,25,3
,,2020-06-02T14:00:00.000Z,4,153.2053,98.5828,28,2
,,2020-06-01T14:00:00.000Z,4,152.2080,74.5828,4,1
,,2020-05-31T14:00:00.000Z,4,151.2107,50.5828,1,7
,,2020-05-30T14:00:00.000Z,4,150.2135,26.5828,9,6
20w22a,snapshot,2020-05-29T11:25:02.000Z,3,149.1089,215.2956,31,5
,,2020-05-28T14:00:00.000Z,3,148.2189,193.8783,41,4
,,2020-05-27T14:00:00.000Z,4,147.2217,169.8783,13,3
,,2020-05-26T14:00:00.000Z,4,146.2244,145.8783,10,2
,,2020-05-25T14:00:00.000Z,4,145.2271,121.8783,13,1
,,2020-05-24T14:00:00.000Z,4,144.2298,97.8783,0,7
,,2020-05-23T14:00:00.000Z,4,143.2326,73.8783,2,6
,,2020-05-22T14:00:00.000Z,4,142.2353,49.8783,3,5
,,2020-05-21T14:00:00.000Z,4,141.2380,25.8783,8,4
20w21a,snapshot,2020-05-20T12:07:18.000Z,4,140.1627,147.8478,34,3
,,2020-05-19T14:00:00.000Z,4,139.2435,125.7261,1,2
,,2020-05-18T14:00:00.000Z,4,138.2462,101.7261,7,1
,,2020-05-17T14:00:00.000Z,4,137.2490,77.7261,0,7
,,2020-05-16T14:00:00.000Z,4,136.2517,53.7261,0,6
,,2020-05-15T14:00:00.000Z,4,135.2544,29.7261,0,5
20w20b,snapshot,2020-05-14T08:16:26.000Z,3,134.0192,17.0786,1,4
20w20a,snapshot,2020-05-13T15:11:43.000Z,2,133.3096,166.8053,7,3
,,2020-05-12T14:00:00.000Z,2,132.2626,141.6100,1,2
,,2020-05-11T14:00:00.000Z,2,131.2654,117.6100,3,1
,,2020-05-10T14:00:00.000Z,2,130.2681,93.6100,0,7
,,2020-05-09T14:00:00.000Z,2,129.2708,69.6100,2,6
,,2020-05-08T14:00:00.000Z,2,128.2736,45.6100,0,5
,,2020-05-07T14:00:00.000Z,2,127.2763,21.6100,3,4
20w19a,snapshot,2020-05-06T16:23:24.000Z,1,126.3783,169.1139,39,3
,,2020-05-05T14:00:00.000Z,1,125.2818,142.7239,1,2
,,2020-05-04T14:00:00.000Z,1,124.2845,118.7239,0,1
,,2020-05-03T14:00:00.000Z,1,123.2872,94.7239,0,7
,,2020-05-02T14:00:00.000Z,1,122.2900,70.7239,1,6
,,2020-05-01T14:00:00.000Z,1,121.2927,46.7239,4,5
,,2020-04-30T14:00:00.000Z,1,120.2954,22.7239,9,4
